"X1","X2","X3","X4","X5","X6","X7","X8","X9","X10","X11","X12","X13","X14","X15","X16","X17","X18","X19","X20","Y"
1,-1.57621093611398,7.37006130140995,-3.07057086330737,5.09925037284346,-2.10493348559999,-4.44682094111611,0.999264936421194,-0.415675343261362,-8.03060015660062,1.24846261067961,0.480208464253339,0.9318845479507,-7.07353542648438,5.25496639784752,6.17185746968948,-1.16356777294138,3.26761170406602,-1.02101480421849,-1.65946916202387,0
1,-1.76344484108871,1.86326516793129,-1.95656939409735,-1.78755080347925,0.463713835056803,-1.27284319056623,3.93910122384411,-0.656734597452745,0.970867911085236,0.361214336067688,12.9208661419614,7.98938028956806,1.13274334923946,-2.4758399405501,-1.49201974155814,2.54585808839863,3.2176107008402,6.56707980383086,4.716565105716,0
1,-2.69269351803447,1.8333482886204,3.49796842369782,6.25762340753092,-2.51049004269732,1.7133794807611,5.96959183525749,-0.938423782929504,-6.24528386227934,-5.24082645091996,6.34845641609277,3.15901566720956,6.76883880635999,8.46496467504734,8.54620241094357,-5.81278292068047,5.59795124957559,10.2872817393642,-2.99535000838612,1
1,-3.26256639669368,-5.5803381157555,10.1952595437578,-1.73964985458153,5.13534371557492,8.28373910178523,1.29743020875818,-0.0584893449375135,1.92346063403832,-1.48642292275811,0.857968981563394,-0.514207259753691,5.51893792238908,-8.37103292848098,-2.90088813444182,1.79877283592576,5.86366490117557,1.80561208082747,-1.52143612573089,1
1,-0.185797665901994,5.95192671944114,7.42308504335461,5.1511991482699,7.60177514213053,9.93727069932272,4.27902599472937,5.54592810626692,-2.4745083875671,14.9924511606494,-7.5172320976166,5.15228565243531,-1.15642475201288,-3.56230061146811,5.73992551372772,1.81835035140635,1.95738567861887,0.343542739079581,8.91555980029148,1
1,3.65589586479491,0.946329096541122,-1.12283736809047,7.48330816551776,12.6360677624676,3.59740731272373,-3.72786453542982,3.28198376767828,2.23159862091783,1.81292493182975,0.56679264638122,6.78648762890462,6.53795884104927,0.308270537699977,8.28898310340403,0.605372092540454,0.0546542250912432,5.13033420410907,2.80152101615968,0
1,-8.0710524896036,-1.28371462680538,6.12961450823747,-2.94221461191603,3.83057191465859,3.90795811346574,0.751746559155647,-7.28180293152401,4.30502039691892,6.5674594522166,6.95194460050093,1.6275856842917,0.0151833713317713,-1.50348759985357,8.110916761889,-4.46564724689696,8.64116677063846,1.39678207699074,-0.218944295490713,0
1,3.05990216686146,-5.06012896329154,1.75715823621856,7.53997520489799,-2.37390688596843,0.781775581802774,-0.101491377470209,-7.30293814907227,-0.518693835989722,1.07736750867636,3.86410496357125,-11.3908220541047,3.90979482726736,8.73472585662279,1.43919578649739,7.83400403072632,2.26506276131111,2.06812849192248,-3.88945681109511,1
1,8.18337523208285,0.501187516768639,3.50656825859202,-0.447664356062062,7.12237431496614,2.24026542026517,2.9783225178002,1.88582953132824,-3.11199228108002,5.04912148080723,3.36053684007758,10.1808219329366,6.64266350571326,1.69787014036998,5.46100071467112,-5.4268702355633,0.118674210171658,3.2610674222343,5.586552061713,1
1,12.1878700912022,-2.24530567508354,3.30180745368279,3.47176694218484,6.52379446847655,-5.02272930550896,3.78659756921492,2.7496937364052,-1.05871114515155,1.73636595506013,7.22546819564044,-1.75315274318192,3.95288044384085,3.77402207812396,-8.68820749927564,-5.38560205159906,-2.73119173439102,7.44753069973901,-0.768976057907345,1
1,8.50587996100294,0.0148473983608168,14.877248818617,3.00918736144385,0.808756520485867,3.44966864447882,1.38191010501331,-9.53737171017646,-1.33696751607247,8.81960977840729,1.15495006392588,0.25428046188112,-1.26351274373581,5.53684778665578,4.22117992020117,-0.913201781334451,3.34994741654735,-3.32782950083104,2.48440790623022,1
1,5.78387381897981,-4.08799993881799,-3.92644405293612,-0.135981931691009,-5.78927451936157,-0.677767911468725,-1.83107111394901,-2.08223612906053,-5.46637914527735,-0.518167085671918,0.270989873916204,10.0931536989749,6.09991183407284,2.76438975678532,1.45356562821051,9.7465189545613,3.9357529366225,-0.206274044150141,7.95062141477344,1
1,-6.63365199557165,10.4379474147285,2.50459929506428,3.34051434998892,5.80654947696957,3.67339386550274,-2.64857108392359,2.13780575848342,-1.90309106953098,-6.5453008434085,0.730169331655167,-7.49019944251079,9.38715042891659,6.80505018817888,4.99912327891221,2.53441465382485,-3.69026300585652,5.00159823205992,0.902422060434987,0
1,-1.00753354003391,1.91998736396016,-6.89988643983808,-4.15215462711919,7.64572197820813,0.270093304227492,3.3926030530104,9.30892957588238,1.03297432571423,6.4927484156385,5.67256463730351,-3.53272180215552,-2.64598216896316,4.19858113436066,2.54379536844191,3.29783364376389,-4.74177244767287,-8.71878950139007,7.15574627355724,0
1,0.239767717086916,7.37472538636193,4.94917961479379,1.31931563907518,0.52446084647033,-1.30807867418224,8.78418426137709,-8.06434364161142,0.895833451003003,0.811329867528416,0.653259345178386,-1.74725354375696,1.08902833407008,5.49106902094661,8.47398449308388,0.920056490563521,2.92098559769307,8.47721576841497,-3.73047521844996,1
1,5.51761951378447,-11.0084983512883,7.48304235860702,6.12895415832585,4.68121409179013,0.904443115989769,-1.93567797464848,-4.27722138990989,3.64770869943646,9.31703790265126,5.80150571219531,-4.56440685063946,7.01829235837199,-5.43003732177437,1.14674622170973,3.35423705825544,-2.09449827665503,-1.2429985050658,-6.81453649269752,1
1,1.47164332998113,-0.265989149974188,9.22831120550577,-8.87062324614657,0.620547626247446,0.165475446831467,0.076006638514027,-3.40153423609112,8.4593786156177,2.62189133239654,-4.14091809679301,7.51644161982375,-2.25995944064353,-3.63160867035442,5.66869759348037,5.16594623701946,8.74307649991536,-3.2218123654488,3.63624984872669,0
1,-4.29324314030086,-1.37741145796036,-7.6257262591856,-5.43963093679127,5.41157622568757,7.47289103921185,3.65340280125971,2.87698039324426,3.66835515831933,9.26870421916553,-4.35532510691011,8.32248066821745,-6.5968790148159,-9.13203742993301,1.47021959190392,5.53734665757317,-3.53599702036503,2.83788168619125,7.95189192488981,0
1,10.4221785404706,-4.11463089682957,4.06384748597015,-3.80968778798486,1.41354642642576,3.04604041218564,-0.77310225031415,3.65419610707126,9.37893487371028,3.75113479753712,2.63691804153222,4.50438065550261,-0.473495176523853,0.733635681280383,5.27881285975605,8.85340734196007,-5.74451557251556,13.1688870679577,-0.631742007203738,0
1,6.55695645897981,9.73304577112047,9.96684975691826,-5.94544847072715,0.27662068039969,4.16245713076608,2.60786157410226,0.396553843498037,-1.23962982360153,0.25487260170114,5.80191578994014,-0.197029128634247,7.33244888729165,9.15878248099049,-4.15633046684647,-1.89028067038815,1.65076029944802,-1.36140966482422,0.724330029616081,0
1,3.18715136245513,-5.07640959884745,-0.0700793152115149,4.09791519648179,2.55810249098605,-4.20426792900388,1.7620194151082,-6.06164343974993,8.75334205000164,5.62799303909914,-0.0382645801110235,-0.118399878060687,-4.8092381637173,-2.89201416108012,5.03284757019583,1.20943227551297,4.34002545210758,-5.47308159522537,6.63054950360545,1
1,8.09054305162906,3.59195130204013,0.939247339590253,-2.96464174878005,0.582973425088521,9.48410854814009,-1.88125795283341,-1.1527620843216,4.96704453908804,-0.296192148107347,-0.887106724590216,-0.84036536103667,0.758480846996202,3.5753161112416,0.0520477188405599,4.06769331603808,2.7844057287487,1.33419950767875,-0.273055203946796,1
1,-4.69387143617486,6.23218142789846,1.81731388897629,-8.82273542664486,-0.955085822271424,2.79685220580381,6.15720625569156,-0.802429933279425,-3.95854442617016,10.4237961562697,-12.1968808345445,-0.623531831409138,6.80965039074315,4.20478082093487,3.97407510065521,6.12537862664289,1.39570181357604,7.85116891932811,-3.60110759012583,1
1,5.304101488949,2.89095094209012,3.82509375716518,-1.18784382540225,0.42031534378801,-2.28140701701627,6.23153918611485,0.987093577914905,4.01085506242612,2.73292008401754,3.87160437110481,4.41412796934988,2.23463727135914,3.1926319964524,-2.37659274388774,0.334888756116669,3.89400412663372,0.614448560504178,-2.12882427330827,0
1,-0.61456188156711,-2.37627738747758,5.32579937872984,0.0468237426259706,1.95923923837232,3.54523322723411,7.12069753328601,10.1144259056584,-4.18846420284739,-8.14928546464796,-2.51427489371408,6.54631682696378,4.83459527167508,0.578886927788765,4.7082045606292,5.253869827052,-1.84192821971853,4.99867822334983,1.13503182899518,1
1,5.41872760925356,6.70582903362084,8.58910441855741,6.28392736889055,3.03747570359237,6.35217014922438,8.33998293091188,-1.38385265218998,6.73615337845856,-0.360850400530144,4.01287453091533,-0.282888435093775,10.1199008002451,-1.09072021311774,16.9576266366566,-0.742263414687316,3.13495966721404,7.78304532548881,-5.74408255578139,1
1,1.69589022669963,2.85294040920419,1.52256204777504,-3.51876067999414,9.66211810812919,-4.9183856915078,-0.531808939612877,2.38132202569346,-0.698730725137917,-6.16185963393519,9.13605861476699,3.59495199483429,6.50385605727577,-1.18383980302289,9.70260253242934,0.292617736657663,-2.16843633386149,-6.56918419878377,6.04376521882961,0
1,5.16480356515725,-3.31748953191022,2.98139022736234,7.80644627869348,-4.78998915476742,10.4505348501528,-0.322409482541527,-1.52699170813455,0.819449064816905,-8.89177653047301,-0.479595229636644,-9.92896375447437,4.95595325736311,2.08726623579828,6.90189397452388,7.06071883125747,-2.02197427362991,5.00036987672283,4.86997052169594,1
1,8.67758807529696,-4.94024523801031,14.4399893861073,3.99181357814302,1.00190474723529,1.20984647410819,3.3060900024587,-4.20113924521959,-1.39768244471616,2.29604325543804,5.48362690776941,2.37918486578793,4.45493204091912,8.49819205543908,-1.09507484190832,-7.41377250926264,2.53357734295935,-0.585361270641162,6.21315331933462,1
1,2.03645045158449,12.4335871724657,4.15549464057496,3.81176078817772,5.15761563890413,7.60585390324322,5.15040488275812,5.179739489343,-2.26089146182148,5.23930318348818,1.23727113351183,-2.39220928187448,-3.79208301818297,-1.96753742571962,3.62430233133485,3.10773370361608,4.05732454257539,1.70203769566192,9.72769587048383,1
1,7.08779318476046,-1.39251572709219,2.94376554664917,-2.26262835157251,10.8101045172143,2.36130659544458,0.301869218875481,-3.25314339826374,10.5106985459839,-1.80713444332657,3.84302317855829,7.49266589901543,6.19598446719941,1.38732806443476,1.20830834526955,6.62969995811072,-2.34560782522126,13.2250510632149,6.93732912383291,0
1,-3.94217017573989,-7.2778582695902,-4.71121562641724,11.7683393994902,4.13007181307747,0.337885777166379,-0.116724042002405,15.676045948111,6.95902261451386,-4.64421163061971,-3.77899692639782,7.92912203816835,4.71053310936011,2.49634078300391,-7.92564447403454,0.276115091386912,-5.7548877623975,3.26134164431339,9.23999446693556,0
1,-1.60802220218008,4.66629681376826,2.01428023811113,1.17864583951422,1.931232917623,-7.17460023313432,-1.09135763777326,2.46281468913607,5.37606538513724,-1.01015373614184,4.08911797464053,-8.9824769055198,4.01810367136161,5.95706745053387,0.799160514513128,5.1242786486481,-3.13174988837807,6.05389450243697,0.248732536228945,0
1,9.59608855694089,3.55115128030448,0.893369234165595,-7.12448792089167,0.462215452018203,-3.50086109293596,9.41100945363371,2.30126788039338,2.36809979501969,-5.75262636175241,8.52480772224484,6.61158759236035,2.28600171887476,0.843359414878256,0.417309768663673,-1.53248146870483,-8.00101493927773,-2.94828876647903,7.80234085338447,0
1,3.88693986511965,-4.76917167861299,1.94477085095313,0.98071764303752,4.07154082054145,1.79329850041285,-10.5408317602074,1.6672739449457,5.68166907275904,5.51500897575035,10.9835592781055,-0.828641968589218,-4.35523941550576,5.18858653712662,1.55184842063857,2.85603707181693,2.64508592666545,4.15088862468942,-4.75056613456206,0
1,-8.26111410216865,-7.71478206790975,-0.877088206355833,-7.67222035366025,6.94528960098195,6.13926272558571,1.1621098310806,11.2182277002003,5.30856388457975,4.87251502554154,-3.93690327428542,1.18029489161098,2.76796875988364,-5.48366404037378,-0.660034968535227,2.04889378457848,4.92384385131536,1.38215945895677,5.0674562124507,0
1,-4.82018726041188,1.41848741420697,-1.4340782622135,0.447449421066633,1.08070844726974,-7.40839327077286,2.19106438526767,5.31963555201803,10.0176029919064,-5.97645754783107,4.66842504178608,6.4925041350772,8.27478047608824,5.59199827721553,5.25914479881558,1.85704140916939,11.0096457258674,0.840353311479844,10.289700294995,0
1,0.996094922054394,7.69698145854711,-1.60386815910061,-0.111135015948094,2.81880703423279,8.87720556162122,-3.29804801496785,0.745046781260157,6.2501988910622,-1.12034430785353,-0.540120853828767,5.4458365951149,-1.05856479923984,2.48185503885094,11.5929028985143,-4.37893632072787,-2.47364190693605,4.78973828497643,12.2870998568831,0
1,6.32889702167244,5.18062017591074,0.927477423001129,5.40914845201705,3.08468172072192,8.99495232151488,3.92712947410319,-3.83094903305418,0.96905496771243,7.23608027544805,4.61360314051863,-2.09511622671341,-7.00424623738376,-3.47822637164257,7.77828575671923,1.18705979464658,-0.362689063957798,-5.5214768486067,3.45477980883839,1
1,1.49058372142389,-0.464687120809887,8.84066324014313,7.04748092868746,5.64638817104828,-3.7165812795547,-7.83543841905053,-3.19363880358722,0.925535283700521,1.15970382335963,1.10768068771784,3.60033378488109,11.1901393509297,-9.65179318160883,5.30092589584229,-2.06976334008704,1.45745599590049,8.95263884514494,5.82255657310305,0
1,5.12093736010326,-2.17094115792189,7.24543313279664,-1.63052482450577,7.55690203512344,4.36150281096555,6.77484430555959,-1.92494652668655,-0.340362821680636,2.04757946232442,0.759833671992463,-0.335376156079291,-0.821389683931375,0.173316825343493,2.27534543791768,0.201963592783198,3.18791517353119,13.4131800313412,-3.39309498000089,1
1,6.79502688893913,3.35533378375273,0.200124410284718,6.03054434187513,3.39580408469816,-3.16819606677106,-6.31680292435298,8.07474215489155,0.18130719592083,4.08620111989001,5.41049748369859,8.25927668023243,7.70178300326191,5.34430366063061,2.37866190137316,7.12121997633911,-1.99174157190355,-0.206002903899543,-5.66880008775239,0
1,10.3552741443147,2.78676673608079,-6.4295822726937,9.12161554834382,1.6191466422641,1.37400010655858,-9.01367440048513,1.05509212114549,0.816580302522365,5.13417098340385,5.73100763367922,-5.85736292764997,5.12026735236407,3.59527647959158,7.78761290906594,-0.832962910284497,6.64666089831739,4.59402286919462,1.93829572228807,0
1,2.28008366637481,5.14855873346364,-2.22291714267977,-1.92072002421323,8.97331566104288,6.64331369423341,-1.81781912896014,-1.78599311339913,8.11440374799133,8.03121569354294,3.39538518893033,6.09877226041205,10.2886805012278,0.179168051072961,8.40824449698826,1.83635419464822,0.101554199321475,12.26930575884,3.46450401295878,0
1,1.74009046909551,0.0210102485555179,-0.288802666202539,-1.26202183249666,2.82267058802792,6.34169823849386,2.81040196956161,5.96029738940137,-9.64179816349045,5.86282684306812,4.3202469102314,8.95548044098164,1.78954707726346,2.25032678163795,-0.959734285488361,2.51511810915559,6.9258528724432,-2.41029548649781,1.33774493719785,1
1,-6.76618679571135,6.4967702660155,2.51819002114152,5.25389181576841,9.8892598939674,-2.24587301816739,-1.25783582382082,8.72590009511086,-1.50922914205171,-4.88783532032425,3.89230206266644,-11.0476250459289,0.497777359135065,2.77995300950018,6.74901674751609,1.05266982793793,-6.1460915361382,2.23563239705291,-2.0119492108758,0
1,2.49663797043914,-2.15405763668124,-1.31303637850407,2.91523984971968,1.69038671190225,0.06681772762217,-0.796434976388093,-1.47265742035658,1.33559640316672,0.187865373424084,3.39187000776497,5.23873298480255,10.6612898957585,-1.76205263097459,-3.91554892537146,6.03045245278487,1.18882667335195,13.5431731811481,-4.11107684557655,1
1,-0.859250289477817,0.347276499400184,12.0334034541595,4.74387480222142,5.06961482096843,-2.88081785498583,3.6660248752889,-0.22466272021187,-4.416292018766,3.5114924789839,2.45615080053477,0.185102089642692,12.7826491169974,2.27277539465685,-3.96329302389373,1.78776088080267,3.72887365461104,-2.62630234685536,6.70622096518955,0
1,-2.87004791402046,5.70407261862952,0.638662327908245,9.02342147273781,-5.73044297122619,3.69771829952457,-3.29450460744226,3.72642093361893,10.0955030505277,1.45460061940934,6.57805112882414,2.55110875509021,3.59259440175627,2.56134273484079,9.97891667397155,2.77449112831759,-0.460954621876785,6.77739410761894,7.02989955058199,0
1,1.1004688447623,6.94985804313556,-4.06972235119755,3.93541559788198,1.43804019331296,-5.79537582216886,1.57075227119764,1.97577781732017,0.83025849494071,-8.89582640601964,5.54949646127671,0.649629262200772,2.8492352276172,-1.6141573022412,2.18469634250894,-2.45140600241446,-0.393433849106391,4.36750505126706,1.20431030123748,0
1,7.07471586371829,-7.6925235072669,1.29369121358743,7.25850635087687,1.89102730019557,-11.1466272077568,4.48966496464697,4.03183235742389,-3.58459065606796,-1.79057362497192,5.96966419286012,5.46048653466858,5.71174749145528,2.99097781907268,2.16891049716637,0.0887046189351843,-1.18867130055036,0.184352715309493,10.4054734607308,1
1,-7.96374244344291,2.53595203508076,-3.02688790796707,5.11452731168597,-1.79172708708273,9.3490614093643,10.169948283543,10.5709926288572,-2.45806893405338,7.07275575661542,7.53484249247048,6.64140152736,-1.36268345204766,3.55280156918849,6.89511509841979,-1.23502216012415,2.51710353420638,3.80926839240708,2.07661504566261,1
1,-0.136396436027143,5.04389505867315,2.78077853637663,4.16810194904427,-3.1794644221115,13.3673645649736,4.39725940620098,1.69806722939518,6.3619758125672,2.79023581032593,4.74668666507277,4.96565050669847,4.4891307619372,4.63161800852875,1.01671706927075,4.37139146012764,8.3114917963084,0.33903954053037,6.88559396915983,0
1,2.58318641791353,-5.25412156745316,3.16816807044935,3.93042219092206,6.74079651275906,-0.275167701194142,10.5738149608338,0.596488662328787,11.3450467025204,-5.3628021880736,1.23500835652667,1.46853615588742,-2.94806001070357,5.55523261009836,-2.2333219374126,7.75764461646164,-3.12149555683278,5.8019232953233,-1.35701779127108,1
1,-2.46603785027477,4.40312799937609,3.77793805814192,8.4566165222904,6.5707936696386,5.80551243547446,4.26580016764858,4.42707230447228,1.37865748093879,3.07963103114768,-3.44735211622632,-0.12064564434445,0.512601927938517,4.05155306629687,2.69178662493103,-0.303157468481336,1.50498270475461,-0.54784742607468,5.02883065214638,1
1,3.66951471249613,-2.14087135198398,-6.10929129562107,-3.01129936855327,-4.4936599742323,1.96248608145139,1.9837943658732,1.75327735130019,2.53514403688156,1.20646263396076,-0.440162269007965,1.29843123990595,5.97441766915836,3.50699463596006,-6.54316668014874,-9.07631192422855,-0.41283432317668,-6.78576160583751,5.30076288180017,0
1,4.05714960307865,7.10126506082215,3.10355645485324,-3.52591364578747,4.12189397467171,9.37156899857996,-9.28267428124697,5.13882530766393,-2.74267530027552,5.35926936700557,-2.34977458650397,0.863544243440985,-1.81476705087682,1.52284951768868,-0.362330517699916,-2.22756386257066,9.0660161073733,6.06598858903061,3.4483964292321,0
1,1.83481920362004,4.69241016051321,3.55225040270823,4.95973001698605,-3.56272659977543,4.77071966284691,-4.12329275965322,0.880144242898717,8.58322355364591,12.5327930087548,0.507457065123737,3.02530969116602,6.25430311815721,4.24380152612851,1.21629919532892,-2.67137947336867,11.6386409120095,7.66163660441904,7.4547567246162,0
1,-10.3294909688001,5.84526147497805,-5.10554223752244,1.40155167933443,-3.25536613090779,3.01831982558075,0.405186881308883,4.21761357200554,5.61328463172985,-5.57950065531428,-0.626472863201937,-2.12297744271862,4.51089529843047,-4.34622521055616,-5.21281342397795,7.90377393628832,4.50366563919539,2.55769481739805,1.33299016881809,0
1,14.8572907293332,2.60359664643517,6.77682819865206,2.3700260584248,4.62706224133178,-6.99568225882936,5.56135227926891,-5.81870353783946,-9.64626731428766,-0.525317609954004,1.01657092061524,4.92290291839252,9.1687126775803,5.27135096520737,2.92382167968832,2.71496841978828,2.33155437556336,-2.15063319481777,-8.03039154835019,1
1,0.973503712659002,6.31824217078877,5.92085439547169,5.706386885857,-1.43012000046527,7.41477840398877,0.387432134109149,2.06951829151696,-1.22616272908763,1.30618529828799,-3.11949959137123,-2.99149332935142,12.8283149467737,-0.674546873152177,-1.66366551321937,9.82368729699074,8.83124901494097,-0.412950063609895,0.316323774056587,0
1,5.25596640793835,8.90257264157269,13.4980968057722,5.76647523924538,6.96739991061107,0.245731924765722,4.71824310627419,-0.58107993641842,0.829412528292356,-8.68102500191884,-1.11151058286977,-5.42140753063624,-0.876878787852703,13.6876441134134,7.57038766617366,4.0045206377269,-0.308075658190813,-4.5859215674654,5.79634320649945,1
1,3.36883245518274,11.8312400772782,2.78351493687864,0.686647483191112,2.19261799537673,-5.01745042357513,-3.3190567591937,-3.95271287758764,-3.54080336690263,1.84390002019921,3.77793578538965,3.28888741543745,3.95319416301687,-0.981690294624431,0.59478981763502,-5.73778610356127,1.71589809264822,-4.93688007370913,-7.37052305321154,0
1,7.12336617409175,1.85802472625467,2.23366763759,0.437280655014488,4.68074487892862,0.991016675433348,0.629351413247215,-0.0653460391851381,0.633879121989216,-0.965845189562156,3.06802976751309,4.07645002029407,9.7933189054794,-12.4381491452444,-3.45500138324083,4.47455309129217,7.25114289572732,7.66196726726371,-6.57556902162804,0
1,6.08829723187044,-9.24525545166202,2.48292917041218,2.36799304503935,-0.618133489430806,1.36610920103848,3.08503016238575,3.85997472711454,-3.66720577132097,13.1780138428982,-0.0203484078607108,7.1270978645631,2.99522713863276,8.86042650435703,3.19611368868634,-1.7392694742533,2.52856867698745,-8.29257263431022,2.11397211572594,1
1,0.951034143857457,2.15763002296996,2.3488311545015,7.31508894647372,-3.75610667471796,7.29603436333077,0.203071409171947,2.46171482010232,3.79653976865286,-12.5898810694168,7.06411166025509,5.63038033960451,-1.26906500659839,-0.993261908394222,1.73391157971245,2.00301679695179,-0.377064233190258,4.79346749540389,2.60309420203245,0
1,3.89083886104254,3.02780604224987,-7.24236387668833,4.13010243339502,6.57376120501378,-3.83698016131998,2.56415847491575,5.46741881260563,3.67822381932568,9.44110584103742,-6.20564720666534,3.09893688073179,-2.9878540270762,4.96475458929801,2.20158941116116,1.49173314437617,2.92493175922711,0.0791248597125374,8.09525563675713,0
1,-2.72704415561946,1.22327326427801,-6.35563529321122,9.16503755411597,3.19035745781357,-0.788218136592224,-1.35374013026629,6.70449621576773,6.0549217656969,7.04012333845562,4.41379304280208,5.45799805898033,9.00222151604649,3.12871034901645,3.07727372173087,1.27970928685173,-0.238169127534946,-4.62827777595995,1.69267772477106,0
1,6.28461505449659,4.84144310388537,1.61230516604398,1.96181564790014,0.804661202726468,9.4405996419158,3.87172611629752,6.14232014863929,4.08228067966785,5.67545814810149,9.84915283560309,-2.90248867685566,14.9974585284202,7.48156031069071,0.0298949993203326,0.34315471633074,11.3495921144339,0.837462452106358,4.53983845583058,1
1,-0.30519169442177,7.05338982257132,-0.905336902832492,7.62833802610377,2.34617663272868,8.79332884385016,1.59472553744371,0.377554117623261,9.97057019426931,2.73405996362402,-0.039238791243096,-3.70304851930735,-3.23650141505456,-2.51633011961663,0.367045631030176,11.6060407730661,0.0838819645365489,1.05474350331206,3.36641677098755,0
1,14.0838667689411,-0.589912150839108,2.27368262528713,6.41501155508623,8.62954171299623,7.81607271951181,1.76475326673436,-4.64078099028528,0.0693106135594952,-1.55400147602101,3.93792459020424,-4.07743998397413,2.5526865201105,-3.94530795623964,5.24001909177456,9.549274289884,6.70381291177839,8.01150838425201,5.72249393791789,1
1,-6.25524447844094,0.529523364219448,-8.55604186630266,5.06041730450035,-1.49083317310036,10.3076197267394,-7.74393543223073,0.598325150438193,-8.76651683718215,7.52815700390809,-0.791440016621393,2.22364268161663,-5.84034572807174,7.3248450008944,10.1336850814852,-2.44642199035576,2.00570189699011,13.9941661647506,6.58076419516358,0
1,-0.319936214830074,3.9892110440017,-5.49349127263379,4.07350353389232,-1.7470422223159,3.02015489914948,-1.3683429063937,7.84827718255408,2.12829606539943,-2.42873532517798,1.88992481879957,5.30735187340469,2.34835603157076,-2.7928373375297,-7.62846886748166,2.99340103523798,8.65175518367343,11.1145449579962,-4.66851506978945,0
1,6.12689931379621,-0.75111870744569,-3.50741719469371,0.60058801428741,-1.09807526353677,-0.909418434348874,-5.44822042449124,1.39261817545964,5.24924422512749,5.47380908930938,6.07801731061199,6.53196123571322,0.464100676238397,-5.66847058936573,1.32159793742746,7.75682339976954,6.65362173655696,10.134957321143,-1.41747736624269,1
1,4.55066273439332,2.45633691744118,6.93029110530124,1.45481245415384,-5.92495634104933,4.77602030931711,-6.02859028810152,-6.18645825522559,-0.00617799756401505,4.01319592657319,-2.57007240696782,9.41850726525074,1.93973356873139,5.88984747504928,6.89841152464401,7.51262785335343,-1.24378463777549,10.0794317969394,6.59335314998021,1
1,-0.947405192575002,-7.80853799442651,-3.49245003545058,3.14697747854233,6.09814068751871,7.29361562912964,-0.469415504226182,4.45691611434888,9.00438238816456,7.38119098217584,-0.774103988745689,3.64600293787419,16.4742719540234,1.67370862204815,-3.89605966050342,-2.47691523031641,3.41028797736071,6.6436769835314,-8.83495903525798,0
1,-2.98390371103761,-3.59949860698812,-1.99756976788265,2.24444445339643,2.96184823372123,14.0681663573552,1.19600816127198,3.40909655346685,7.47384339343034,-0.98273215744246,4.66111673692424,1.35904275327911,-4.99340239229835,13.3910211219446,7.83406687278336,9.0490044942375,1.27091785935254,-0.272582086673683,-10.8443234758934,0
1,2.72237852355348,-4.63877737802063,2.39936909337026,6.7161223419311,3.03585987108964,-7.82491166355594,3.4180011290031,-0.00301677596092409,4.68746649460608,-0.904938139885126,4.07854844862229,-1.30638471494781,4.16056700853227,3.71804811317339,0.103862923513644,-1.5229789851794,4.51391429076645,2.85586462306819,2.68107256445894,1
1,1.92846293416543,-2.26811848363621,0.386268190874456,1.45341438406784,1.78326322826156,3.36617851533409,7.45631325150161,2.86680751428001,2.34887378887305,3.51038281906106,6.03429590906156,3.27034109823366,11.1632885835568,0.234536298193514,5.5387606070867,2.63321266634188,1.768195446918,-5.6529762955259,2.16768497742885,1
1,-6.9514061863203,-1.46652263965333,2.73208589333981,1.64811539206086,-0.550802207120549,5.27397291434823,4.22200148461292,8.84693834772666,-0.757503165968926,3.52842577757169,8.26374098448256,1.67822362598425,-1.05511271707932,-1.13592274947425,9.36882889050871,2.84377901896717,4.35167326629208,-1.88916337926518,0.262879369075335,1
1,2.17275533566926,3.91152571273185,13.5253099102285,-0.421595437828323,-2.11709306888112,1.72700672319808,7.06035170379238,8.4959804687842,1.11528316109029,8.86999177001127,5.84926370890758,0.374353416689036,-2.09671356580094,10.4230433665183,6.49288416678163,-7.59995562276902,1.41510447959742,-2.36517257396706,6.24142183354348,0
1,2.95115157846229,6.9105650126132,-3.62301835629118,1.30831835728336,6.25928201646336,-5.78911124242556,-0.631551438172666,-0.281484467727293,4.34588923834962,4.42699714193034,-3.38816303606595,-1.38511532641281,2.24154730222905,-4.07463942115744,8.07157511532703,1.33346289883147,6.77821201300947,-3.45085651192182,7.96131657670441,0
1,2.87363198490921,-1.63691764543768,0.472651800450977,1.65617178848078,-5.13092336460076,5.70750446043122,0.460799134056066,2.05332430929028,6.83898394123845,2.72420019673824,2.76890683271979,-3.02932449014348,8.50275684978215,5.08481022655455,-9.039135291949,-8.50193286509968,3.56583471613968,9.06327945825855,6.96769407686184,0
1,-3.27508521301341,-2.98419491189002,-0.583797248718665,-9.56867886949708,4.20149470982706,-1.8954287063196,7.42584442213126,-5.27044572467121,0.519426715928341,6.21309921957724,0.0045628987551849,-2.91473499013423,0.284375797975035,4.80840007623168,-4.36681401827399,-7.83169252090888,-4.57932713427443,4.50023981304596,1.11695773732528,1
1,4.38066639151315,-3.20844429494755,9.56197713416227,-4.82415848607159,-1.96305825378842,4.52930749415256,2.00603591969052,-1.63876662984372,-1.64126629211818,-0.718039078813812,1.97071250943603,9.34415180918958,-3.12895635389172,-0.864029658197885,4.90733328944648,3.6025771620861,1.89635160281219,3.32253527365588,1.86441599138311,1
1,8.8928506847962,-0.0729436318183683,-1.84742461445139,1.6375654502402,3.41155107272734,6.53775853008925,-6.40122357841687,12.0412019873259,14.3780293093305,7.46485948139548,6.58681177694571,3.25308916646758,2.35274270896278,9.67858939912168,-2.55390399096077,3.70621710316995,0.316685476333147,1.94336686008795,3.5248168723732,0
1,4.28118201589906,0.80485465923718,1.58956548112141,0.673581125677506,-1.70345261095077,8.41978505237297,-2.23277759546062,9.49004842755475,4.5927858517485,-3.11270801930795,3.3807772193467,-0.150358783166482,-8.08909634055369,-1.7382773223422,-0.759372477504767,6.87167350349678,7.58218369321388,6.92967645828256,-8.63104387515967,0
1,-3.67794235187172,4.41808766919135,5.93566807161354,-4.00434664103718,-0.61670841342015,-5.78931898692785,7.03796029916367,0.853726373584332,-2.51801602668726,3.69073685686436,2.77594180104443,-5.8959553977989,-5.37727560493551,1.90264071071983,8.92111123322329,3.89773099109694,-3.75834668430369,6.42318884299198,-3.0209044282897,1
1,-0.178227348459525,0.39337578915805,-3.292952679742,-7.95769088021509,10.8468295851351,7.40870924089558,-1.0536862883873,-1.46232572651387,6.65489528171625,-6.53422881806365,1.39942627301108,2.96431868455319,7.43231399045482,3.9381420195823,2.58247061861518,-1.36884647807069,-8.22497483850938,-2.52430931789581,5.98431561589902,0
1,3.73051809776803,-8.39244634430012,10.27587907871,0.228153900432866,5.34141309466756,-1.7849067847301,3.66722066388561,-4.83311648584201,2.30843248948927,3.23224629103336,3.98509252428491,-0.486500275902167,4.29407787221191,13.6156298673268,2.22658939241585,-2.00363537051878,4.33837664823677,-8.01912175717216,3.23559781588706,1
1,-1.23522815659134,1.54282862224931,5.37881207737123,5.26747882847138,-8.7244851213783,-4.4450973692448,2.07111347840323,12.6302592688185,6.13394624260817,-5.83981565571017,-3.89312594279073,1.57054224328924,-8.86998214981986,5.07576119157379,0.772071839922021,6.02277253396106,6.70981032061334,-3.89237218526468,-4.51337141974765,0
1,-8.78823167507639,7.93593405325778,-3.37103304765177,10.8661931596378,2.63206208050158,8.57160332959717,-0.481788036748313,2.57314862419237,2.25898476280414,0.842575275173336,-0.107740120035584,0.964256223551083,5.08808128611466,10.6577401456604,-5.98947759358212,9.25517824378859,4.26455178058352,-0.474355595144219,8.44489249080932,0
1,6.42125410014105,7.95800634255163,4.27288904528869,1.80771603145331,-0.259064681286124,7.73129986632488,0.246068037968095,-0.969744546835585,1.70785474377395,-6.7872772503323,10.0828801802142,5.88027694351252,-9.52397676224459,-1.64281311601088,-7.40286982514186,5.99396855512324,8.76391325257426,1.98378534066998,4.44890313029471,0
1,-2.14738805812259,-1.94481609055615,0.933464283834658,9.46592420313858,-3.68313093888834,0.787083661474982,3.95860273929047,7.39033668975627,2.4530581035613,-1.19809914949374,5.08061421648852,1.65682370473581,-0.23484355922554,-6.72720153391762,0.911168780848134,3.0846239468984,6.509778438525,9.51702913431797,-1.01176727088427,1
1,-0.867801353841414,-5.73888271818785,3.56614385997167,2.41511078817984,3.04892945215597,5.79770353119172,3.04789414446123,-3.49792916429457,4.06390398526274,-1.88083454967143,-2.808970133824,1.10999291484646,3.4974533847936,6.44678392591299,3.77369397468051,1.65501401858796,-2.65155065790392,5.1738466743752,2.05646014280737,1
1,9.51950304502268,14.2903024593264,1.55012401492168,2.5776605212978,2.64982758009681,-2.30162870711531,8.17335069949583,5.63282098803226,-1.05042865771965,4.77387326493984,-4.14278329674637,13.864192392656,-5.14237293362289,-6.14234499843061,-4.59472390576489,10.1420848105375,6.65262497173412,5.42722334303733,2.3341586780279,1
1,-1.87072464802702,1.1878902876029,7.35258018389172,3.62412656674373,0.357467137159582,1.24484210473978,1.00090107782532,9.20435151119299,-1.2768161513657,-0.910610650428527,-2.79665126794646,7.43602098788675,8.33748742016453,-4.71105181947284,-7.03890048578308,-10.4584349071116,-0.943883204194814,6.05239149785228,0.510653643669867,0
1,6.22865770094648,1.51274374947191,-4.75550192851667,-2.35288622630459,11.8635178366873,1.53138383119564,-2.61604021013341,0.949149201891678,1.0761039693032,-1.84297550936274,4.90078428281649,2.65009115650936,8.07252894972655,5.05385101119164,8.37754568459551,6.96454550484405,7.52543779022702,1.34787116494793,1.08583383849613,0
1,-4.30341439409388,4.10287094349073,-0.613083485979579,1.74140893552558,-9.24345033408279,0.596299727479979,2.82951550789722,9.25640471941685,2.85650715818545,8.10757843907378,4.16579482291306,-1.65598998313984,-1.37427965521385,1.72111686665679,4.53499175559585,1.16152359023497,6.9644095381617,-3.37041583429552,1.25854913233435,0
1,0.227287984630111,-6.0701972830956,0.754046611223004,6.54223849396125,6.19109693639246,5.67049368248621,5.5266727662209,5.20775715704625,0.413117723653018,10.3458520483604,-0.842911515705596,7.89564841776538,7.60510954941225,6.2350964082983,4.41047435844836,-3.63550589821595,1.75105979927149,-2.48771627352952,5.30046729659311,0
1,1.63221990431761,-1.64109555595644,-2.97899362425667,-1.74862893426095,0.554883647687134,9.68663767747973,13.409834778635,-1.39403809439979,3.58492281228951,7.46740192105124,0.156578295505328,-2.66324778096384,2.9827488828001,9.16587370633875,6.58548248887432,6.18331020200374,7.3396857917329,-4.78615316181844,6.99827218155343,1
1,-3.84325712212178,-5.70221202645005,-3.19977521883097,0.391969650560196,5.28256705289691,-0.278855313894512,-0.318415065518668,4.87156368173731,-3.50867706300999,-5.45621252570725,6.89114034762803,1.75967913386175,5.25056594333632,6.563724413303,4.77371785211659,-2.90139323241724,0.660512389045626,-4.4634890309244,4.76054731238007,0
1,-1.17374132454455,-1.46547307005298,1.91009879711669,-3.73885375229627,-0.269988503193411,1.83670773822136,0.368232140458667,-1.52257263144464,-5.15479226433688,8.38326541297628,0.464631950169912,6.26292874260488,5.35502093950997,3.91164990553449,-3.27751340800527,3.72002994114892,7.05502799541169,-5.58603653164748,10.7294248946776,0
1,1.85579223535843,2.5942471650228,1.33912433571633,3.77176098224677,-0.96932281222549,10.1837867458275,6.41246605198975,-0.669920286149678,11.4600531625404,-4.14268785369852,1.70795360077417,-0.056560576629642,-4.42078882566114,4.76009306814317,8.25077527792277,2.92767280588786,-9.53217275095179,6.295880153719,5.10242007149409,0
1,5.35347984366965,-4.82354728993456,-10.7467138737522,4.12399891194511,-6.55189833197313,0.35479014736731,8.40643063252232,5.87192303308829,3.98938556530156,1.64024489009097,3.76266873579339,0.16395088045651,-8.13054791394765,2.72413325919059,-4.3868002670344,2.70599806497637,-3.25696139569157,-4.07308766888235,3.61311881078812,1
1,-6.25273271712555,4.94991339683656,7.20286727859688,5.24173675612041,0.952757858636309,-11.0201908530355,-1.29340928302488,-0.378106976694013,0.0148593330271058,5.67229101656368,1.08836184745553,4.20154570701538,13.0266303218541,10.5419614286264,-0.392941603601397,-7.26048701389709,2.73778712275945,5.09527690331876,6.20222684680727,0
1,0.251228803943658,3.44672014408668,3.24862867992595,-4.09905015758451,14.3937290067854,4.56991893223966,5.32285227472207,1.87786310556575,0.600210757548183,0.930564598049874,-1.675132022014,2.69735566315426,3.15694964955583,2.26194691226046,3.66797810617023,2.81210009049343,-0.553298348641134,13.7268996533962,1.32144217989556,0
1,5.78203219272742,-2.5210751281032,14.0810368657416,2.53617517377382,6.94851104064685,-2.43234005555628,-0.825787570211693,7.09504048142184,5.9255926552178,1.24803598191092,-0.0647063757820479,0.753736939955709,3.87821130092403,6.03571915967822,3.40499234575582,-0.465894814156219,-11.3397911829609,1.00986043757415,5.66153043857216,0
1,-0.694045799887963,3.13162471190532,5.42599119025548,-2.72028845824923,10.3778607791341,-2.99269203001963,-2.81089135121119,-4.02790197799278,0.948395928853218,2.62691213115276,-3.40500217599342,0.953129825290788,-3.96484259149051,-2.70058140096257,4.9466775035742,-1.51892533268715,-2.17615312188793,1.07996164461831,12.0258603902627,0
1,3.13645960836471,5.74040581246922,-0.234796544809962,1.99807675641988,6.57482659157021,9.10408406792426,5.11680450950129,9.97646933736017,2.96057481938342,4.13929011053261,4.34656308003837,3.25449612901561,7.66274920905042,2.19621118423632,6.38296039694596,-3.91810353174269,10.0697929289673,6.19368763877992,0.959556935631435,0
1,4.46114285032216,7.30547626630871,15.9869557347905,8.7131196000304,7.72131353980928,14.2399900350762,2.53248886100536,12.209777299965,0.676371869507744,4.05675339536629,8.66020061258769,4.33364333706961,11.1973839747582,-7.98813664092044,-2.04836165367996,-3.69349091016952,-4.04389445036191,1.92746227005749,7.17233532382925,0
1,3.33917507665842,0.935758606767362,16.1611301195775,-0.517626434671378,6.51438207249554,-3.19891270701771,3.9466543907111,5.07240625021654,-0.506955289683793,-6.63180626933318,3.22131317934548,8.47130907976522,9.63935052274201,2.69364800841523,-4.43713143891411,-2.22801734265435,2.83469020580035,-1.81916615802678,2.12418591173433,0
1,5.26628839735691,1.53181603044477,-4.0935590814509,5.58341660469413,4.37696215882552,7.1551259083338,-0.902517483609755,4.10965587068412,5.01094906760128,1.12175882970053,6.0636461309692,-0.0961613967019339,-8.1181351137888,-5.44138383069856,-3.83866544475996,8.23495204037518,-0.469493226118668,-5.09769171175454,-1.73946689380319,1
1,1.3864566951131,1.56642932509037,4.34515977977712,-1.74834292041848,-0.912643869985039,1.52926080815183,10.9748897796338,-0.482108338466142,2.70747279175074,3.43419261602487,-1.25567512467164,8.58329725641779,-3.20253999316646,1.33562807785846,4.87241568519569,5.47582505944889,2.09158000879573,2.46655934745652,7.66845147520099,1
1,-0.0683825679606014,9.20730878027522,0.94376540683925,-0.392641052251526,-0.664673686617378,2.70903729610224,5.32644004523854,4.45480706413017,8.50906333485169,4.95370005819673,1.29845611868216,-5.3260817842144,2.4889580089526,0.799415628581756,-0.313771382004846,3.3741624015402,1.11317526151539,-0.135752515164386,4.29581892133921,0
1,-11.2157447601449,7.62535946138997,2.93525573277006,4.19360875293308,-6.00419998187644,8.11118350728202,0.127987871739836,-0.509910848017568,-3.62698428837372,0.41319857918685,1.31943921703195,-1.22543284946721,5.48420399692846,6.86009638795876,4.06456064314017,10.5824263632491,1.32042880929122,3.96183734005012,0.415948157492348,0
1,1.53529490760264,6.1720078387852,3.13771364284407,-1.39556135228934,1.97091143060004,3.06837259220533,5.51374465505229,3.44084909125808,1.32346296975303,-1.51325820217086,-5.15320312549605,-4.76450924751729,-0.719442583050501,-1.21115725442372,7.91490805370762,10.0604059868256,1.38745922415102,3.41006919118292,10.8079592716383,0
1,4.15142348179994,0.563296000796536,-4.30950231434526,-6.51482417572718,6.49677837928356,-2.25682676930379,-4.07257191946839,-1.43313004120564,0.95505525590106,-4.8379390079799,2.44446471265545,3.54720780871845,-2.29274650972011,-1.32089221573747,-1.35866988437969,6.51480384050415,-8.88496794712469,8.49014197909959,-7.2829092913317,0
1,4.67699420434075,3.86620717083203,3.42794790121281,8.32584217606665,7.15961278263037,-0.352044373714307,1.31124936525387,5.94201893015249,-3.37431166956836,-1.64403624459916,4.39618629484506,4.10430690361717,3.14892968167922,-7.86506855412489,6.62349473665769,-3.91720993120905,2.00279792312562,5.00109419602521,1.68572317011888,1
1,-0.776391756566258,4.01645165610348,10.746236815709,3.80178618939923,2.47566352227709,5.43067627649436,9.01678949340261,5.45684420481843,6.98929363129134,1.39237537178539,5.41703227769401,-4.83012709292696,-2.71321575803764,5.10190850375145,-1.22446257964125,9.16540011954683,2.64175982424235,7.68205646225212,0.957874461833951,1
1,10.8975145488757,-3.20836647144661,1.17954997932599,-0.918197202800448,-0.738138086109555,-9.6797366592995,1.05580344197828,8.21499504025664,1.46300125462928,-1.17603024436596,8.5782702038735,2.23932236078394,12.2175215105218,7.44335809125324,5.08406942449952,0.989366822578111,4.06168343792314,2.34837206282733,1.3458268244354,1
1,3.43212209814412,-6.64152257660371,1.18536644650773,-7.970393936653,18.4525872165927,7.47622190924236,6.55245185997775,11.9110485621458,-4.92778995215734,4.97351344060289,-5.3632471838875,-2.5693313710491,-7.12747699949919,0.869613805261826,2.1703729905196,0.786643510412484,8.83619586463238,6.07959350492848,2.60611059594617,1
1,2.63157929229443,5.20915013825808,8.99286003168733,11.5110488569965,5.68342765625212,-5.8357504941612,0.890389999050438,-1.23220917309573,-0.960703136971101,3.8375061544888,5.08825729510304,4.46921427547109,4.54396103700057,9.40118969756672,-2.25219723993771,3.18770059797831,2.18380070099423,0.763426077911507,11.3086817254719,1
1,8.3613338973426,-5.64655265590211,6.49198120341474,18.9518541063577,9.10287652439568,2.10965531409191,-9.49013200153112,6.83094646113675,-3.52666780323047,-6.04369217343137,5.58537036416301,-5.7745691970597,-7.98163603365082,-0.0487802772079577,6.73925185865068,2.31468857771151,3.35385947995933,1.2318154665568,-8.37748523062157,1
1,-1.5923311065963,2.00841844242105,-6.24247409190643,3.03740203677728,0.311596796663379,1.0482051120402,-2.40106272783048,-5.13633723547605,7.19544256307209,3.58665922399164,0.949870959876117,6.32358657911438,-0.471614585939579,-3.01161020991989,5.61302199333613,-0.469400267774475,-5.13828154887335,2.37340470845806,7.1860037266979,0
1,-0.251693119623559,3.25123910674166,3.14278486631093,6.24903323755595,1.81021186472703,8.46534743012172,3.11367844517485,-0.287418793240119,14.7145222843105,4.70852329108972,5.01229666374312,1.77796033815816,9.42168642078809,3.14572699636873,-2.34303126161478,5.42434737520779,2.49787340462833,-3.55131808598146,-1.80170350221255,0
1,13.9872624002488,4.81933695152942,10.2677361733887,8.1228015603708,4.24303548853363,2.94424657528315,9.23276355467003,6.72733342304232,-1.36857909568206,0.693365050427434,-5.0726623737085,-3.17971346870733,7.60884287160719,5.43142269747247,2.1885090237252,-0.410212452154552,-5.77725939178829,-4.02792242362546,6.71085840468658,1
1,2.05564593610444,2.94713118757405,9.07638174959571,-1.50902216769304,10.3826115597415,2.50969567452606,-0.967010625004167,-1.69194575184529,1.53884995949101,1.86752119016818,3.07197336970384,1.58538943993575,-4.9993032404996,-5.4676018632112,14.6119903521411,-0.823975836758365,11.992446525117,0.546693877173114,-0.237044095691071,0
1,10.1678421070415,-1.66426903148563,4.09975801907115,0.244018852217299,0.442627272719363,5.49067904429299,3.37989505691275,3.72820349938952,3.39867517145329,-0.161191534768668,-13.6454409569586,0.671664874304781,-5.38049018147274,-6.17816700841348,-1.75931395302952,0.728532962476371,0.214887155760981,-5.00822771689223,6.30854078849176,1
1,-5.19253322457261,6.93182929947731,5.60610403556447,-6.63560518322598,6.26807833391535,-2.13507278095216,-2.82409644739783,-2.50222346947636,15.544797095034,0.533066286066941,3.56029151572735,0.177693129504075,2.29052919870387,2.23209940450276,1.16643568753091,-1.79841435628453,3.76080445013174,2.47841294253948,0.890376986338048,0
1,1.04741598978549,10.6931688345312,-3.98467606094342,-1.68289116135936,-8.47407317160115,1.02050571966812,-3.082281206669,0.148246479424702,-9.64501731837869,-3.03520062683656,10.0078172750217,-5.48674545782957,-2.76488319373132,4.4021764356464,9.01446534922252,2.76841003180173,4.20667899214979,5.99158299248194,-1.05225873860621,1
1,3.89211951818416,6.40589404462721,3.50065783440687,5.11204891443057,-0.536272170408165,7.88792206903884,-1.88658321708411,1.79601536774969,-0.56977867848158,4.1260379981995,9.70993513854118,-0.926050779845062,4.02885057414328,-9.72243187178138,-3.5684886339303,1.51373250793036,-4.53746490877362,-2.41223062948733,-4.14113904564953,1
1,3.50019272602899,-7.71825450661988,-2.77224467593911,0.546420053795648,-4.46004538381657,5.41736810489925,8.8453103366679,-1.06159383203022,-4.01397378613872,-4.12408296167744,-11.2983468986795,1.13336188588995,-2.91969241947599,-6.5309374977124,13.902068182555,0.520497118143835,4.33440428699835,2.25994529361228,-2.98802185959954,1
1,-3.02818129755418,8.99788092701472,-0.290090340484721,0.928942329084616,7.56681358678549,-4.37748353376264,6.7015504495545,-7.72926044908184,0.861875968815428,-0.952323276635584,4.67513421342069,-5.41626103641068,-6.05061507984946,3.53884969807512,-1.33651072378865,4.31895690781467,-3.36449972482909,-5.70491146901415,0.185576885418118,0
1,2.09629637312685,1.71972026906866,6.67801841889801,1.43720224248742,1.17773455859871,5.1897818370544,4.9683257865885,3.21548164763788,0.620503912069964,-2.56819034569245,0.251395028265085,3.51180692591372,-0.150843839484132,6.44367228608358,-0.607160981610857,-7.12415469191573,4.29252833746601,6.67437862833146,1.79825365063712,0
1,-3.38710326555991,4.62457139659645,-3.68446555845572,-7.31833491247802,0.0481295899662906,-4.8879481230186,7.57731276718238,4.37450047702263,-1.64904403012465,-2.35458857178334,1.87495970951771,8.86558193029491,-4.12105316398358,0.0953220528476253,1.80723121939788,3.26220955964678,-1.09402545441338,0.214127488417546,4.57165824665292,0
1,5.56351662622141,5.1101661793553,3.33459125436529,6.18814967115835,8.84549923099287,-0.991554018598349,-0.122124983667531,2.68357287030571,11.1707785876177,0.157221801032138,-9.08066727856749,5.9104360017296,7.43320983661051,8.00211185293089,7.37338210887316,6.50624127240392,-1.39968695762305,9.65259306130033,1.61874874602662,0
1,7.42387544930323,1.51656963396647,4.14166019735772,-5.21746444467711,7.58136429120013,8.05460191928503,5.79788468446561,-0.44373862844155,3.28532668532489,-0.426262580463795,3.92520250587568,-1.99266478762568,0.325972098094286,-1.06893208814113,18.1777140827169,6.4022034492813,4.07103091048708,2.20904718033115,8.16210488844413,1
1,-9.12493848243706,1.62368401175637,2.27455984919815,0.957149187921758,-2.49010601733749,-9.25522587722926,3.04814638935775,6.50101828630219,13.9679268709398,-1.49980939591017,-0.633603438714418,-1.28433108567625,1.81079648049975,1.16652093695966,4.41657317591037,13.1588504941492,3.83213642873461,11.2992987389865,-4.19933332300619,0
1,8.17846731150072,7.0957853466545,11.1109441091771,-0.192817310294152,4.13933243804823,-6.89507095440414,-3.24550462406409,7.38767830030709,6.11808313109176,0.732830516086878,3.86944744449433,-0.328461272401579,8.90295664946235,8.74871370572902,5.09808109602276,-1.19917415184401,0.755466677522846,3.67443343565498,4.77437668046705,0
1,-4.20522248404246,5.55800961243122,-3.11173664287625,0.907030915719009,-4.14222284256125,8.50686336413212,-2.15531111140872,-9.86835428024959,-4.32656075128018,-5.9244880403959,1.04390899821689,5.02946707693452,11.2891062120846,1.59221318711925,-4.86764337146569,-2.90051827245578,-1.68164712261359,1.05167562895085,6.5833341102739,0
1,4.27384634491316,6.95131123022116,5.030651307178,9.29982972367893,-0.378075121055894,-2.07396392026327,2.25026465959573,7.62287418764557,-1.76745607534092,2.55519183760662,-3.12718777686141,1.80240231374305,1.7352489109374,2.12936551042553,2.70620869418627,3.63048987994764,2.97002877717431,7.06032497697896,4.55132574390909,1
1,5.29951319071304,13.9146334761516,1.55534716274666,-0.910299589576848,10.0828881857348,8.21853509289456,3.02815030748272,-6.89773873576756,3.36519209581476,5.15923079478426,3.6659816805358,-2.72528251396116,3.66668100389991,-2.4993535353231,-9.79891319535459,-6.42631197516673,1.75623109059957,4.64974657002022,1.35481432647419,0
1,1.00055085949283,5.32207931847043,0.695838780830379,-1.91548797855948,9.25063975665221,1.15874899621947,0.39320790669511,0.277248187822861,-0.889494705425212,-4.41549346016953,4.9753453565557,-5.55992305292234,8.54548841018203,2.33505302195073,0.708633783346327,8.05345785992803,6.79750239936475,-0.777599867073503,-0.526849438751335,0
1,-1.22556978429896,3.03690578692653,4.32045616926191,-5.59826997471922,7.54509377733419,4.13887839181462,-2.98245621893269,-3.54586556879638,3.77144844538805,-5.06550310796503,2.27159643715364,4.79648581489301,1.12768877576675,-1.22132792349602,9.3071254699546,-3.23556795313714,-1.16041967953735,5.51125012137967,-5.04805462741115,0
1,2.82660510621025,-9.0531655528781,-3.10200295341965,-2.02849040805625,-0.85451943165162,6.06639444814619,-8.45445970244578,-1.15052891461546,5.66286320979109,13.1599855505523,4.83550793719042,-3.21981725187439,-3.21812932553603,-6.99719758471144,1.00964975153915,4.19273387850433,1.38466262991313,5.15436853890005,-5.7182935153294,0
1,4.19409350357227,15.4585700162306,-4.56725458259203,-3.83092353683869,-7.40715735137777,-1.25605934680022,4.1261773972055,8.58441884362121,4.10561138325535,3.19753620406359,-0.320053143679887,4.48506036218894,6.97100183080773,-2.85245936019605,1.71178683286616,0.310974057937398,13.353916084011,3.86458836855851,5.49310112595686,0
1,6.41651409974352,-0.413384108981539,-0.472404377417115,4.03973098124148,-3.87849092012079,0.477045384266973,0.523641454314517,4.67256694142037,1.32693582914575,2.26596463452401,8.42400407529994,2.36535457790696,-5.62317269814916,0.806754547054049,2.19522320681735,-9.89738192871893,-4.41958212814925,0.217682095374564,0.409369644349151,1
1,-8.26168491950976,13.873673575477,10.7587857487772,-2.31502123003938,6.7627826231376,-0.0754858482281788,4.7458044159064,4.4694904287094,-1.21769466931288,1.00746272211491,0.210138590971701,5.60885507471561,0.773734354250927,2.81815872988571,1.38135255183243,3.29672446201532,3.58625711180128,1.74886699713319,-5.57147363911621,0
1,-6.18189634029512,3.87321784002494,2.2788238730626,3.52021017514068,0.547160569174561,16.0804213801119,-5.72945906625082,-8.38996215672406,-4.44660344582082,4.46323880560372,-0.898259449229726,7.47085750524844,-0.0107753891173212,7.34017948172212,2.50024791122989,-3.51502341388837,4.05325257115547,6.39431404453995,4.57689692877993,0
1,9.15201170594091,9.69215099448397,3.65717199113943,1.2678625607604,-8.8130407278399,2.6307353454879,-4.26667967656221,2.98162671370782,3.70447449299157,2.18620530546616,7.20796391240322,-5.11647194748804,-0.613721681838482,2.19267113411018,-5.55616709506179,6.61150529553977,-0.24445249944173,7.62343742619363,5.9480339825988,1
1,7.23314423555774,1.45144839411881,1.0507668116123,-5.16781089955402,1.09906256141769,4.36400211555543,1.44334062664016,5.14401576936949,6.61167837046449,-0.72955976178366,7.5744109053894,7.11151828772242,-11.7680437707453,1.36296637835412,-0.404357159451364,-10.2574550482201,-1.54838031514369,3.48945622172784,-8.75501587651916,0
1,4.17644474453841,4.55735377349063,4.35246365976913,-1.95303892861349,9.05119610562288,0.296232295295251,-5.06406767815851,6.30473571696808,1.60165295127411,-0.162380335110209,5.40327818550541,5.43907539460464,-0.934501211036639,7.53066694846534,0.292061759960886,1.34498090387532,-5.28602030520272,-2.03437427817536,11.1910939316392,0
1,5.5758920355553,3.06978989821131,-2.75839771508573,6.42556227528839,5.21734320259767,0.791046786726952,-7.91476925360356,-2.86623675237614,5.7680882636224,0.27757646833224,3.10253329963052,0.462725551695363,8.33156465362978,14.0752819652929,4.84886684013455,-3.26698505183369,-5.08798225002015,5.76906443815722,8.17542748810874,1
1,6.58587458820502,1.06939650313252,7.7895523328432,6.51538042977284,-2.10629271764711,8.89377334428656,5.91797703916783,6.68771526015329,13.13764841762,0.401653021137896,9.97442992324049,1.90125472214814,-0.344353275166412,1.57281125184398,3.03688318185476,7.63582950657107,0.679896547396412,2.74946676551344,-4.33129815977019,1
1,-11.3046139923284,1.39803087688753,4.92352630120676,12.0278663715031,-5.72958326032512,0.305581652313047,6.50434669874767,-4.97602889147634,11.6691064097885,-1.75849436798486,-3.0532044695675,4.44199192850818,-1.0952159260397,7.88992795268793,-1.7929623612733,-1.63917319614366,8.26393404522898,7.68685815889541,-2.02110509024617,0
1,7.5513854831941,7.06417167922127,-2.03226411345852,1.9820984580011,-2.13273612818394,2.1006815138038,-3.14981821002251,10.6937150943817,-0.474527383880675,7.37050761720461,7.68884996470752,5.30250405177042,-1.33069741369235,4.43091432439934,6.24506922454351,6.67670294604089,2.26853842049314,-6.00713025003445,3.04174741673392,1
1,-0.424937982811624,0.992709265142501,2.27276622905996,-5.4791340699107,2.17263835660761,3.88481082070534,0.639713657167034,-1.99317145121768,4.73355920697533,2.46911077829744,10.5719691724247,-6.57021663657264,-2.37369646850439,1.61977010813179,8.13292710552665,-0.341460519178753,9.72859853562232,-1.72080076758066,3.82205978340522,0
1,3.15308415315601,-8.188412472204,5.58165809749561,-1.8420851350758,6.44036850456029,-0.158618725189383,-3.66986452585627,5.82512193384674,-1.51105318873067,-1.86533414744122,2.27304787068365,9.29428490553643,2.730108519205,-7.60442524975486,-4.39708835353854,2.64910534384085,-1.01118144382293,4.663282206689,-3.95266606654317,0
1,0.524210995582114,1.02055375585086,4.78865491027301,4.04244252420074,-7.69970077395128,11.7953207808852,3.58213458376492,3.58955672567718,5.44906711950805,4.95624367474209,4.92861001972701,-5.03947741681973,4.96390354043814,-2.83776372751513,2.92005555327474,9.31176420597209,4.89301300115655,-4.76467491514614,-1.18552490355181,1
1,6.35982477039372,4.69895302768137,9.40967007938441,11.5006816744736,7.11600877637061,-5.14229806110586,1.85160849499004,-3.31800258806443,1.70818429961626,3.75114239339066,5.04851096821322,-8.40582059634452,9.24352875053306,-0.783719661505121,-1.7451288302975,-1.41084687821536,2.62199302917928,15.7434558479646,17.4186976945579,0
1,0.257637755221945,5.0822785817572,-1.06493877447425,2.55004561719861,2.02728863294011,12.0564648992281,-2.34730225479683,7.72129328034298,3.38793789033323,1.31210209408547,7.96791004155184,6.77119692825156,-5.8304564425379,-3.55103591871729,-1.0407426561504,11.0930919337037,3.81325045461115,-2.25898529205682,6.68749085916148,0
1,4.59251882944124,5.08283908738717,7.58068307745197,7.70193412564235,4.84889484802914,0.242040555604104,-1.87108771948093,2.16688421313696,-2.29507307204601,4.00440933520035,-2.29405213310387,-5.55796127226606,3.97676665341833,-3.80624969803211,4.09931812364158,6.93079184123645,3.02700768954461,4.23605355313741,8.95268993412868,1
1,0.0465751068051046,-6.46050760434541,7.1827400497061,5.84040652346131,-6.26627781617435,8.78559823424745,-3.31040596714099,6.09203887423923,8.02688957916321,-2.53189497642218,6.47853096674484,0.879284329836667,1.23383020018391,-0.0646274247502938,6.20924897817064,8.42300660883424,5.88863786810332,-6.63987127503247,-1.96712416760011,1
1,-3.46393604550753,3.84371029005597,1.18758434048573,-3.84045811058667,-1.33327190061091,-7.99588705503735,4.18187131096271,3.09096042911103,1.57910016761565,1.00579873718966,-6.54473533084463,-4.73264447755709,3.42643009286159,6.75944717240201,3.90078468368336,-9.23200284700138,1.96134084279842,13.0252572256181,0.461836383523998,0
1,8.05005255220132,6.83929604973532,-2.87963346410943,1.14443673867571,-0.241170946327619,6.78040310714227,4.8550442390705,6.34248626204957,-0.229599789775317,-2.99577352163612,12.3845177269505,-6.97292154673844,-3.15858634213143,-2.6009026325076,-0.674221652015039,1.15741684205872,6.84251174561481,5.62907715641148,-4.75688921071524,1
1,5.70450005637137,8.38289340733828,-3.44572595442258,8.52630768173841,7.21945674154514,6.38215632488433,3.88237447207943,2.10840260449039,1.61689313692407,-3.91905217211798,-0.856698796477228,-0.210569980252477,2.22755708805724,2.5908755898049,7.64856004650912,-5.33308313757863,4.45092458716116,-0.569535493970748,3.81218640769669,0
1,10.6213111957823,0.87519364477942,4.28893478972485,6.38048054797957,7.14087023697708,-4.35608485780043,-2.21444848707988,7.57614324846507,2.38199189997938,0.343006749091556,0.419045172566473,5.23556012249466,-3.76806893568865,0.985036023201191,7.15944815923241,5.79637517994601,1.95231339833171,3.30565857300701,1.74875511617719,1
1,2.32576966289652,0.390537069085994,1.64436633139553,4.31898070783899,4.17545229624169,-1.84161939244814,-6.93084814117636,0.239095675444368,10.1843200584692,2.84012400624242,3.29442588324894,3.57949690058843,5.29851638193931,5.96549899577495,-2.94691287785001,8.11388514614977,1.43595006231113,-1.55238582225781,13.5590972296922,0
1,7.62501372914087,9.4391891593902,10.8955133342572,4.3855712268844,10.0210609081194,2.96762422735111,4.65437831577236,4.636441591244,-3.55361994166875,-2.56502765341756,-4.25156030101835,-1.21236908159593,-2.73094908365494,2.19218420737997,3.56584262780755,-1.08767694570801,-4.38335605597018,-6.59724256976368,0.409183345030997,1
1,11.8770952700954,-6.3396402288966,4.67568980248102,-0.457026501047011,-0.577055998726829,7.71917714398505,1.11470526302841,3.89285761121971,14.2949560174549,1.1247093585777,0.685525783820062,1.92121476464588,2.31773639283954,1.1591850409099,-3.79832385176572,-0.558869711117596,-1.24300299509576,-3.44729401375944,2.05352187584953,1
1,0.592589424805167,-0.184149884565624,0.140275624182523,-4.59692656672101,7.06268596886962,-1.82999652014337,1.80303825014252,6.21929888549189,-1.86656193231506,-7.15223060443119,2.30743720232784,1.50652426251246,-8.63616338464579,-0.920947044927961,9.33366769535262,-6.10790096492217,0.683462185101874,-2.5570964417072,-2.7059289458794,0
1,-4.61475556377608,4.28731039678727,-3.12771124248557,8.47712895415654,1.82029985104641,0.879370004733508,7.16063992436693,-1.10521247478433,2.87321687480032,-0.233686259673631,0.300162559109546,1.88237755719277,3.63483430546539,6.45949333258915,3.35029789014058,5.95468817667297,6.67817154534618,7.7067244816156,3.15170955305292,1
1,0.803242164309419,-6.08886882690613,-0.91200837302626,-5.10109745833464,-1.33671048088204,9.85673467488668,-2.467579172008,2.88845748933933,-8.29070682374626,7.85333637363047,12.1314703067224,-0.230191475966023,7.53861448850796,7.69666538024237,7.33567660593503,9.30760977609266,5.95659509523238,4.3310439412349,-1.91925475561467,1
1,0.929793800073083,3.39813931215879,3.71444196448666,-2.69447959852915,6.61690019165419,-3.63673620425746,7.72007662842506,-0.900825395659245,-1.27230265164861,-3.75707948839863,-6.93380325478219,3.80474951305171,5.83081438387448,2.0972124173405,3.94071900753051,-6.49966107856714,-2.03137506388261,0.14805845982794,-3.19224660804312,0
1,2.7584025225466,11.389320105261,-0.254673235283253,5.1448249625992,8.9055016542475,6.73896990358429,-0.0659574760646464,6.54318912866722,5.65886682064366,-3.96466010023347,1.47305792179043,-3.41351255495711,7.26836491155651,18.3589137547073,1.45864806650622,-7.06257372622854,-0.381613616456046,0.718710692623353,1.47902625694606,0
1,10.5615248865964,1.9796967328183,4.57115060115345,-4.31097274694801,6.39125208092425,4.24384094617448,-1.56593910878006,-1.18343189737541,4.5261652928951,0.900692707464549,7.89423644296645,3.88758697887282,-4.77971399230745,1.98503393913269,5.75244271077951,7.72070548710704,10.6856969951347,7.36132732674756,-2.51651305318896,0
1,0.369280537473259,0.607729875182069,0.32830973915109,-0.759352066363959,-0.547017277111318,-3.52907264278163,0.971269280912163,10.6611934818837,4.05286110876274,4.67335366491563,-2.18082402231769,0.302961477604193,1.15349306713307,16.619119750659,-3.51658873378763,8.74270928618219,-5.06258547348108,-3.02101627239991,-2.31244589887191,0
1,3.86502327902458,4.37455857017027,1.47220045602762,-3.91399753391239,-0.348938170775495,-1.33933921086891,3.95009864421423,5.95185801019558,-0.333826517663432,8.18054582760147,1.30524439097007,0.322007039858822,1.65149505990793,1.33060238967355,-5.16341213198844,3.85778227536628,2.89676031588366,4.9970165134789,4.54882042387674,1
1,0.861579675522344,0.604639146063467,-1.65254836403914,5.10331778864475,8.88837923403001,5.91638755151099,0.963921773721381,1.9314601057308,-7.21786233028915,15.2687036430191,11.7164244838657,5.529020468169,5.60097824347585,-5.85353531083394,-1.15576819167395,3.21124516151083,3.38827979787296,-2.67182705863185,7.44439983552831,1
1,2.10225354262516,6.06700187039532,11.5252179245435,4.23156508319048,3.76413203208874,3.24479716356063,-2.50253610273929,8.03098237602912,-3.36412313529709,6.00446619037376,-7.33672798825194,-0.137859110090669,1.16109061730721,-5.12383290085387,3.31808975520738,-1.10629274049077,-0.50851611703848,5.58326898015491,6.34491750770158,0
1,3.57028831753131,6.52217732224848,3.66310865735197,4.10942346636844,6.1478698966056,9.12549138733738,0.591878606046107,1.57704529930874,0.850856173379786,5.35726763276832,-2.0179893257904,-2.92675125768789,0.983605419924233,-2.35734971543901,-0.0684403525261623,3.69519035276902,-4.86245229539605,8.28470131494862,1.97413373853179,0
1,8.64107348018493,2.0134583061506,3.15316820249725,4.21232386072818,0.306490081678468,-1.00891981045793,-10.7096555056899,4.81631140818017,5.1081858749535,12.1396205853297,-3.99204281289027,-4.0151917075612,10.3906412505621,9.39203991221295,-0.325593709477315,-0.26070063015836,0.032412744369368,-0.186880982508185,2.45520269826942,0
1,2.60659188745389,-3.88346078874864,-6.45931207442034,4.7862287318947,8.30517468232326,-6.57243848189738,-0.542558409362224,4.6409720000755,6.18722740694849,0.49537848065268,5.1476069214496,5.34516371682344,7.45467564014302,10.5166165106309,6.60425752022894,12.2161660626295,15.4426216528466,4.28414843823183,-1.78772836602067,1
1,5.56421160015557,-4.59110363729544,5.29895949774664,5.19678245985259,-2.04377572481096,7.23913463239132,4.27983108769513,4.11519216205163,0.485559754230454,0.933252972446642,-2.33064261480292,-9.66643688669524,-6.78222314835891,3.98804296480671,-0.510963569392509,-0.246688425378695,1.45116611238475,-9.02778444778765,3.47573502031132,1
1,5.89430014891767,-0.964986828276585,-3.11811794439856,-7.84330778337111,5.12675760433315,-1.04310809217064,1.15370112733957,-0.983821148545557,1.24223732793806,3.26635074806225,4.33902801483406,-0.0845778678151232,0.0769460350255264,3.54247646284052,6.8722843590334,-13.6869226399769,0.884395168974182,3.6192266679573,6.99352291918429,0
1,6.57386635427817,5.98690250274918,-2.45760787177149,1.25591819320066,-2.08587482784056,2.60170263411278,5.44163861130613,-4.25422138800598,1.18574238738129,-5.10044022420264,-1.22903191103285,2.90728193822828,-2.96079093698917,-0.684776463190218,-1.86467958863684,4.49981104538043,2.89683464143889,3.57199757780735,-2.85945628811164,1
1,-0.871972760921917,-7.79102587328463,6.59170585510824,2.5623190627595,-10.3128750829288,10.595209069259,4.4299121698723,-6.40800354886915,2.28922766477863,-7.17718327713993,1.2373722017076,-4.87480204075953,16.8579251664215,-1.38337798183951,0.717583186616263,-4.28570794841089,-3.844079701039,4.12816689522654,6.99623149737066,1
1,10.1344060709734,-7.43162579366273,-0.26350323254115,5.6233810132388,-4.71478755339835,0.747929738444023,5.22823373177794,-0.281481795006355,9.68572442793077,11.0339468701913,6.28107439688321,2.03481479361867,-0.471672656731524,-1.58951551079819,-2.13156672389273,6.11380714079972,5.75598263599945,8.0816706679737,-1.24848391177805,1
1,0.0952163035299352,-1.26889912380051,-6.7418614000159,-3.93743038002643,2.68147599605081,9.74777663698489,5.28022472512741,5.41396596101233,-1.63356264045196,-0.874978712551906,2.68501876814264,5.35120009467118,7.74019891719576,-2.35274997450483,-0.130996608014176,-5.73048040676205,5.59698051491422,-2.76781212233191,4.15101305364202,1
1,1.47107916175124,3.97197423990292,10.8495205494468,-0.498000949079565,6.41461374812914,-3.48569824966223,-6.69290380687133,0.8048125824859,0.976186402238235,-0.289404283965253,-7.70352726983176,-7.12214293654955,2.48135624522945,-0.699612249241627,-3.80848434170704,0.706096205058634,0.259274122977759,8.99687803381563,-4.94220969754374,0
1,9.02025133857086,-2.56783024082496,-9.8870346269626,-3.36821495375579,-6.75651041547408,6.62755618058118,2.02079840009222,-4.01675466733971,2.39363146221498,-2.96477882994718,-0.679437337306117,-2.4360697942819,2.54415105072399,-1.11344883979319,4.23493486166338,3.95203688562041,2.29666922967199,-2.80338455963762,2.85573027084448,1
1,8.4704195307279,6.4337451854803,4.86405764929792,7.2862010635484,-4.25712234459763,3.23399605935499,10.1503366730341,12.7823880097504,-4.69132946592529,2.72036298332997,5.56797548838317,10.8113122199191,4.47618474518862,4.64268724781285,7.91157149417628,1.01364898460095,-0.525192390421099,-6.17482279755732,8.5535073395441,1
1,-3.44995936205619,3.66684985077591,7.08624624542305,8.39536291604667,10.8227299828774,-1.68385769675725,-0.402426135222095,5.51004711524305,-2.60514617601474,4.95570261217844,11.3007415981941,-1.27312210736365,1.28678251165477,5.8540933584702,3.41679347087364,-7.73474739735957,5.44945865713687,13.0295613567937,1.60876756339018,0
1,-2.36535500208732,1.14680190880695,-1.15483933330267,5.93838362679616,-0.16949674911632,-4.40004469444827,4.26401221210282,11.7330905013282,3.00130974304553,0.85694381063296,-3.57413072487524,-2.83047229964409,6.16468498029778,10.0159037721752,10.5613392233057,-5.13819086708525,-6.2938938666115,6.08219127851957,-5.91381733847701,1
1,-4.79039529685307,6.0941406826589,4.22143525705777,-4.11201691288495,4.52850065965301,2.38321831797254,2.71696865489968,8.06518176860644,4.13534563869547,2.07352346773687,0.85689481955233,-2.28859280875093,4.7991188674189,-10.2431067681461,-6.20050002374904,-2.25209021128798,0.888745008831301,5.81737452722929,10.1568321993413,0
1,2.90923596309916,3.94182581409684,4.19565194194278,4.25976058368327,-0.634676606886603,3.27582381227041,4.78506112594011,-1.05689559182256,7.70045104690157,6.75696457464368,1.59205060072558,-0.171596997899528,-6.42547972853755,4.47559840949627,-1.75776036972878,10.1223454648893,5.11710827582837,5.15608478320274,-2.10960409665474,0
1,2.82420433959233,-0.229675136060781,7.20311576457256,7.75224593190458,0.507085574242476,3.38723408517339,0.639849414147429,-0.0596060162339294,-0.328529782192536,1.94615961493104,-1.66283243681087,2.92959943126582,-0.778061562920167,0.407657608553667,4.6232220134559,1.36680919300673,10.4366821917225,0.956441724064463,-2.90251674575927,1
1,3.82057343677531,3.1555746720908,4.42049693976261,2.8397049036823,2.43622103302619,4.68428011115774,-1.24149648258001,-5.20340489134856,9.26950310617177,-0.806717360885023,-4.91316411527881,-1.51833633457706,-0.616765616552976,0.668046987248505,5.16689644196291,8.37801013739023,-2.54250750754059,7.04338905450399,-1.07752208578131,1
1,4.76078857109279,5.23756678988796,0.775581104537376,-0.830546664479849,2.05480921399503,-0.302427829883556,2.35980422182823,5.7023672655484,-2.32278108659768,1.69694959276746,11.1939830017203,3.00859799583773,-0.530521631668806,-6.20852054969123,3.6349835952462,2.8974808835791,-3.59311048179929,9.1798385208181,-2.97782201631525,1
1,-1.00946422992508,3.78141672431023,6.57996028970106,-3.43059120305675,1.03719894478968,-0.558018610947904,3.03907415351707,10.1182962611367,-5.98141539751132,-2.21163173023998,9.39167229708609,5.50976373637729,7.32642442609923,1.83560972597057,10.7284249605758,-0.470869396868094,1.45894494967337,-5.8084452608473,2.98616901944557,0
1,-2.96849295549357,-1.29005103974739,6.00311178254883,-1.32651397780078,-0.348982425718694,3.18468939563815,1.07333855158068,-2.60242439036299,-7.73006722775997,2.50944041819765,-5.03393358303906,3.68090756110058,9.4351351718717,-1.88003552745346,10.3769478322169,7.63796733084536,1.71240382235712,-3.71513180527031,3.66584640589849,1
1,7.13392528037452,6.27601102532096,-2.68284517067896,5.57424177974669,-13.2393044489936,-0.70794585810849,2.15720332513223,-4.01098823409588,7.52025137470292,-2.48962892074175,-7.41986066063927,5.74912850647705,-2.60900474643533,3.77879714123964,-5.29652180700951,-3.73474774292195,5.79021125957707,-1.61298296630256,0.194478080607255,1
1,5.75530651303162,7.76468112779308,-5.00393716997865,-0.158305501909639,11.3432775016685,8.09613823521537,4.05675966845389,6.41339034182241,3.52436055652728,8.96962722638337,0.613168861963607,-2.00441167594276,4.70717732851292,-3.5640459209643,-0.0870212643396044,9.40509298543004,1.42805946493153,4.62915817128456,6.11162528151577,0
1,-5.54583268664351,3.38137278271668,2.80138769996589,3.13807469970044,10.9521210412152,2.87067937553075,-1.88091945231232,-5.58239517800365,1.34789055025737,-10.4326195219048,4.15213902595627,1.38629303467994,-3.84883963014916,19.2299598909989,-5.17016685336311,6.58095606229201,-0.870091417147796,-9.72071794484224,4.22896791557695,0
1,1.52426274575357,2.72052331231093,0.630188126124086,8.47472897835152,-3.50540870859616,-1.07634158048239,7.69838828599031,11.6080577888427,0.53193306494053,4.00647067905339,1.35606665972647,5.32144295750678,-0.785401883438103,-1.91049433503995,-3.15386986153187,3.67565508552374,11.4496962263193,1.21285259730276,-4.39570472763012,1
1,-2.47973911378249,1.62187459610081,-2.92769556281148,4.89167470234727,1.15946238945016,-7.03446482042664,13.0038013537329,4.86067888903124,9.93127727703383,-0.440136114804544,7.64632297706901,2.27478941617394,3.49232771814063,0.588983443339781,3.241281970736,4.87337664237215,0.354234800042681,-5.25425404142991,5.29808865324378,1
1,-8.35375535270982,12.8070792315139,2.41965339757516,8.8233639073677,8.87637652356247,-1.2184055294802,9.38602664367421,-6.57447526919278,8.00572752029624,11.935744040749,0.767357534944267,3.06347516920694,1.05538605442742,-4.14383095655779,3.75703886983572,3.01809830943316,6.40438921590682,0.274041497634722,-4.49498212699388,0
1,2.75060065594072,3.38157766067896,-4.59998263243453,-6.50789901330203,6.99145011526101,12.2300942606641,-0.272089253537841,3.77459447866211,-3.01869855599625,0.827682846563453,-3.8277390789533,2.25430339860044,-1.40225101561382,0.374135017180995,-1.90225847467787,-0.235205960107936,5.72208168829637,-6.03495236701674,1.58110334083163,0
1,1.60394145370706,1.20852985650028,2.80613175663099,0.596618601431038,8.38300809372886,-0.803812105655324,-7.11443634516224,2.52590932905497,-4.95508491408113,4.40918680199696,9.59941146475203,2.91458425334782,-4.28724270868397,12.6712730270415,3.50800222433871,0.282370362222903,-0.198713537939047,7.85226026583217,0.632627616577729,0
1,1.5131536624346,-10.5395890109863,-1.1246419377096,2.32534009746097,-3.35873459079898,-2.17999652926429,2.27098978554798,-10.3420676659234,7.42647940464932,3.93446984602169,0.829866280936817,1.87663535814088,0.441167316565901,0.0655395853432854,-1.63917714088104,-1.01917898235405,10.3121817918787,0.619824491947266,-1.99431639084561,1
1,3.08076270900616,-5.82640882515266,6.78582137096241,4.89294645804257,14.8863404809898,5.26473751388924,6.40136610302035,1.79070984838024,4.80305903008671,3.23836204668389,0.580132064805365,-3.49695499105458,2.26249022884583,5.05101928909525,3.24706934441885,8.1933625923611,-3.77899323374466,1.02647069001952,7.63099020769585,1
1,6.41232582198294,1.61163399694718,14.1224457058077,-3.84603310764485,-3.66729979885164,4.20646562421467,5.89053348967833,-0.936303839335186,-0.554904925448569,4.59059917675327,0.684208579395022,2.86999665536239,4.811169062325,-2.69889887567957,2.56572627761076,4.9974602665316,-2.68869369390124,9.46047597021213,2.12901603918727,1
1,3.02798752241693,3.03147022421549,-2.57989621843396,6.03092427723644,5.76958170941644,5.75814528295638,-4.14873387355871,-2.43648496378627,3.98225982785549,11.9870686694205,2.28002151879109,-0.276833611746398,-2.37908411681265,9.69181794007994,0.579937096517944,1.45633121201867,7.83560899522403,-2.32407448535379,4.59283548548479,0
1,-1.08217921436764,3.38436229430807,7.28832085471488,3.53695038081167,2.70637990222845,0.610124574223314,-3.56574255371706,3.19358409875341,-8.11615551955681,6.63754411840336,-9.59330944833396,9.17889430900768,4.93377981395451,4.3417579908305,-2.80046231487692,-3.69428482376446,-5.78729119720995,-5.73280302310408,1.77402361533269,0
1,-1.67399625960641,6.10753390224309,6.12574863884142,3.31903006802358,-0.0185515898101558,7.61327108129836,2.66872317438819,6.25445151146904,-1.32570736466723,2.9821207443879,5.41648566008888,-0.647950848064382,-3.81919785435787,-1.58316513849425,-0.326625300462655,3.59927669279177,5.18678599442086,-1.09682375603523,-2.42152716175551,1
1,1.34098603479409,1.02923795339772,1.64902887847321,4.54242395802523,0.102921009094903,-3.86304430099005,5.13040672688427,10.6350441660703,4.17503602763049,10.9513310949372,5.60615949355804,2.76075698035931,-0.7305601103994,3.15219472431008,4.45573102061424,-3.03274067014599,2.98724757733294,-1.26360961232675,4.90597408439604,0
1,3.55008493289476,8.07294397241281,-0.268231870285073,1.41820780061503,-2.95698406265501,1.75561616013171,6.36465831927729,-11.1625382304771,1.63544180488019,4.9159887459498,5.14622595405434,-7.8663066204809,4.25188584934291,0.0656815434311508,-0.470909219385324,-2.25806021414989,5.69736660381353,3.75178307204293,-1.9842671166354,1
1,-3.19840176351021,-2.60758021434789,9.87653853418742,6.62773049249557,10.113298978784,-1.52070168608978,6.08195989469479,5.71805663904982,-4.40943822057667,5.25166799550828,-0.0556281008827035,-1.29439380350597,-1.46257737092585,4.54354233253915,0.372461041962133,12.1939302234969,5.90717946160096,0.421090636686289,6.24775474567233,1
1,1.07845565578808,-4.04221360221533,-8.02728909118123,5.24114886865745,2.44756613881376,5.40379319008592,-2.83987745983244,-2.76175555667646,7.07633065338485,8.22515074309252,2.49654213440433,-2.14226324441369,-1.89798054482666,-2.04698298672331,-3.34880340979217,-4.97991111792187,-1.32775459492803,-5.05596562598676,14.0853530558155,0
1,6.83633630083957,-4.14493088776907,-1.21597395796832,1.2489531291615,3.29608974607189,2.65003380701068,-4.56302528099993,7.78165082690254,7.81529669601009,2.80553313009984,-5.17456335822247,8.15851771533544,1.76333670039718,4.31607929841686,-0.170573984113963,-2.41497498701245,-1.42211154701493,1.08009974542778,3.71585154871954,0
1,1.45859954382757,5.71148512093259,-5.18421721828888,7.2018850967035,3.04816416530517,7.54854040885068,-8.06259888979642,3.72930837078919,-2.700199192285,5.62745345728819,3.79890177135232,1.24457024532402,2.1771728279589,9.91589180502013,1.87571678099392,-0.904030649501137,6.07147806789819,4.98273290991723,5.37373745142519,0
1,-1.49210333797195,1.58540028830387,8.97656719473039,3.46279342473091,0.124146234695667,12.2925043449067,4.52466348863909,9.22478586030215,1.07266685438491,0.627598909338658,-2.08527678527394,2.72478137328255,6.67240979368775,8.31380813984204,-1.64554422730712,-0.978778433825689,6.44192013166877,-4.71710048324648,4.18606826213882,1
1,0.620274157872301,5.9490896091025,1.04648283677571,5.34375699719732,-3.67010622377524,2.70327765862492,6.14055782884713,-5.41380652878329,5.65306969730124,2.62418032698073,8.5844646242931,3.50148456024515,0.833069898721426,3.52496256392509,0.0864383033573985,-3.6276269099642,-3.56835866743286,7.00487577093973,8.25475016948545,1
1,7.5732427268099,0.661467892214576,-0.623355997348357,-0.970888208121107,3.26863154841981,-0.673083260991912,3.67925344412522,4.4731564881442,6.31862421359331,2.19821313663729,-2.629117839954,-0.655557396323291,-6.50394041499875,3.66838317407107,-3.50347060172244,1.06137255603324,-4.15945847157767,5.5376504084018,-4.24591224529967,0
1,4.75021980607068,-0.959460511064063,17.9202223703316,9.9021591849296,-8.46819724979463,-2.11758363259352,-3.29562223005657,3.47579669017317,-0.643738073174324,-1.19866518766145,-8.29542691467731,3.50357570842024,-1.27919049406795,4.10751504469336,5.74582378620227,-3.19021021575548,-3.37329910494658,9.50240309882634,-2.78293411270643,1
1,8.18337900040803,0.15823712436747,1.74981366056186,1.98005527825008,-5.09283471417807,0.684830088846776,9.83858374974673,7.23931122959713,-2.3926991978405,12.1732660946493,2.86329591981485,9.53312020259909,-1.15235234173791,6.49189877821324,13.0488758895501,8.71230273286819,1.92610469855283,0.360705397749726,2.36959916908249,1
1,2.69548928580886,-7.26308412120865,-0.218746559332618,6.23921384446738,-3.3819834746919,1.65199081819811,0.149266878183046,0.844157456825004,3.72537703422694,-0.794487996944182,-6.15278066322927,5.08496354978401,-2.66163794651988,3.92963573430811,-0.126151144600174,2.61756462643196,1.89469818056715,4.1130422548298,1.70132727404571,1
1,4.05137548245213,-3.84807630207057,3.49932625068072,1.49941737053655,-3.39339431336177,11.9590095736029,10.8951918074785,7.7200842296437,-7.58009109014836,0.221102946639893,-2.63923309554652,5.57200029101524,3.60951851105013,5.03045058654151,4.333331436448,6.29073895076817,13.6379594213907,-2.36596285943607,-3.75433853188782,1
1,-0.792284561740664,-5.21017323179225,-5.84212310377484,0.601850465097003,2.5359440828354,-3.64554771368884,4.75701002540288,-0.224804377379404,-2.75038794674181,8.62208695178723,6.02016145071257,-2.17261412875949,14.5088254802989,5.1890576376139,9.90983723534347,-5.02713961696362,4.68789308884821,0.716978736890248,-6.76898632376037,1
1,5.02685334465166,7.27161135987674,4.45151321336034,5.92219122640003,9.99243774162372,-3.46608718262441,7.95155322542762,-0.146187019465555,5.86793563528721,1.89688885385511,11.3616587431965,2.89523769638403,5.97083735710042,3.13896921855627,0.0777791876369398,1.92771451299611,1.24533118670167,-3.2693603746488,-0.358162458351594,0
1,-0.531667710946197,-0.986650456814001,1.51918399460017,-5.92308322295587,-5.57662072032483,-0.0398334515888945,3.65301113147203,2.12689650727892,-6.51899202757152,7.84063213594618,0.686609549925786,3.46673218357665,1.22580220146861,5.60224712040344,0.0541750795745402,4.72787840432564,-0.63970099749715,7.37739721222058,10.2258768897015,1
1,-5.10282752347872,5.9472992639509,4.34262561265073,4.39183073897015,4.16838010298306,4.93779731749156,1.67673885950061,-3.34626086191147,-4.0038856339132,-1.03678560457405,6.85825648840289,-1.27550815045786,4.51833592039843,2.28919678362315,5.23637571385241,2.49056044508834,-0.675282368503944,-5.24129992204489,13.2208181519554,1
1,2.63996482842063,9.58245300845979,-2.91185317968927,3.96783186497407,6.4977237666052,6.10555929868704,-3.06274034186607,-0.282858204171438,0.796074681928166,1.93579170347281,-4.88681930845982,2.58710274167966,9.21384120383458,7.05643193130118,-2.76172899641499,2.08798314589614,-1.09935626547374,5.07343857780692,6.17602673151812,0
1,11.7292560886572,1.04112595445029,-3.11491921073972,-11.4766468456226,-2.94766101144438,-2.53967349620923,-0.792570950956797,7.55001914241208,0.489632494313942,0.745315607867897,10.6525065714193,11.8676404519969,0.453664114148969,-0.14125686366372,1.13431748455182,-3.17140060034879,-3.47073577292236,-1.4182283321928,-6.10163616821067,1
1,6.00457169786531,3.41939453176176,-1.46707331638092,3.84188664266628,1.7360029923876,2.63519303174794,1.76446081861787,10.2591435215286,-6.77022378843641,-2.84556820203331,1.97456409272433,-2.87266615980711,5.32240235262955,2.9688547111861,-0.765825376305649,-1.1435856481475,2.87382205492186,-3.23970451480071,5.74807467030163,1
1,7.8262669497313,-6.75533759698039,-1.83994786546391,-8.84208873673503,6.11805451311028,1.78553511051212,3.41037033992521,7.57127339814178,4.5468942094546,0.483440233164953,-1.89940121709749,4.76473825603906,4.80949558229682,2.16232055928092,-2.83918511908332,-0.0245070363489637,-13.9459305321751,9.30458835808013,-0.700918078424893,0
1,3.79427861546576,-2.09334888759901,8.49524983341795,5.2990218844636,0.722454487263057,7.97603235212883,1.83390393834452,-0.124325875942909,-3.10728168541882,-1.27633569832592,3.98771960707816,-3.36910564876133,1.38682587102474,-3.37077277071864,4.10347979343528,-2.01185608129899,-3.8472212093339,2.53479115049929,2.64001252024642,1
1,-1.04278589158112,2.28107424691419,9.89572780904045,-0.269568666905951,0.896578263743935,7.44596118251027,1.11014005453292,3.5923994276981,1.20970531298391,6.28723662473525,-2.04624468353571,3.75998384640221,2.28273003318632,7.99412994869015,1.30593053412275,5.81903578078078,6.95781749923368,3.66655185002638,5.38754926287083,1
1,0.988795724448581,3.49543451668076,1.21554023480466,-1.47468412617447,3.53863395605309,0.438596527827396,2.91742758471031,2.49244824472372,1.01713896499523,0.545082084881865,2.25161515124323,-3.2091238787048,5.2594550150622,-3.81216606700345,12.8476289620655,10.7980646793502,2.74598464167306,2.97254635055321,10.2996639140795,1
1,0.633759465940374,-1.79699058649441,0.205317197076598,1.96576848413667,1.69993373333365,2.2299688333096,-0.621860212987579,-4.29513736467899,5.48314370415594,1.58609397777851,2.50886020860907,4.95175575842967,1.86880678501741,8.52564610581192,-12.2150894751704,8.57590040872973,4.77315535211666,5.2628940747375,2.67192301513636,1
1,-0.343498898910435,15.424294996134,0.354805847891657,8.86526022491995,-0.778264449696089,5.26361306700772,-0.679687281697549,3.28704105570358,1.67009270143195,-2.13922346402401,7.84561773031617,-4.34219949399376,0.302455019383639,-3.34233237858758,5.22640964751374,4.11420114386672,-0.948453512417954,9.37459189858028,-1.51710634117976,0
1,5.52083641964858,-0.291950695461944,2.34618238926508,-1.17661538608947,1.30692490269554,-6.26746318298483,-5.27852350828012,-2.12146663835904,1.3282600722587,3.07599502805465,-0.832955469485207,2.10238832353558,-0.969949900405271,-2.91041732791571,-2.10660853540299,1.40846154872576,9.04782276603224,2.31013193094999,5.82471229274497,1
1,-3.98681751182706,2.32121778315019,2.48452116850527,4.79051646974388,11.4141989619324,0.448645172599771,6.23135735134003,-3.30312109473569,10.2737042200111,-6.05968178451815,0.123298558382197,8.7065812938717,3.45481038018446,6.30444245537356,0.56885415210958,4.88002864154068,0.51278161289931,8.10455597329804,6.09881910675904,0
1,6.33183066056387,5.24895933576759,3.45017193882785,3.70578934210939,6.36834339803014,4.87436442001241,2.23466184000762,5.62752730682954,3.85947441010157,-12.7493589214161,2.61996769498054,0.887629562752794,1.72489001146543,1.59127536416035,-3.44400491937997,-1.94307103695347,4.93677406524773,-9.73691244385615,6.51921836207666,0
1,6.32076243112947,1.86990682613002,-1.73339470523128,-3.89759314570779,-2.57298536413812,-0.616160771900593,1.58187883286326,-1.5396594355317,5.11770231305051,11.4005317163292,6.48687238866662,1.46801202898182,0.141308614032942,-7.22595419651799,4.8920024442764,3.32458556247686,2.0683663835932,5.15057813183231,7.71895542448997,1
1,-3.99311179534374,-1.21783693513557,-2.23448194410159,-6.70511008666985,-4.2245881116566,1.70040899325906,-1.70459307387458,1.27975624745192,4.37449313415349,5.78630848711349,11.4779849658671,9.02095155894879,2.8829423482967,9.51710191066877,8.77708884640926,2.83233099010548,4.39547258438259,4.11424098881949,3.4437680090979,0
1,5.19745998950267,7.22652831981653,7.98538831873042,-7.96292885619571,0.200088796586962,1.89496232283147,0.761130680487966,-2.86857788440717,4.85817313322621,5.17364317030222,9.91093227835225,12.1814827658074,-1.86533460994988,-10.4426371540192,4.44556100301633,-9.72511607176278,-0.207269262640485,2.90443782450387,-2.71631921321185,0
1,14.1511332617225,10.077726616036,-0.743136805516613,4.75637105733944,8.64387350473992,-1.61826607158156,-3.43391427850649,2.2797221292657,8.67868233518997,-9.18254132901497,6.80127676891587,14.4155255635334,-2.01209804174533,-1.46263010660163,-2.55928262178324,11.4831850980342,8.22003902747978,2.63549718681381,2.66609130561244,0
1,-0.786077409708041,1.85153014475082,3.51522847612725,1.82628969234351,3.46339559208476,-2.97239918089196,-3.24648676176374,4.46173276575244,1.71447919516703,5.38564558513595,-7.51538488552231,0.0318733778478804,8.86783066331567,-5.60169671638161,10.0723873442126,-4.65780717419319,-0.588168672152712,-0.288126953615789,-6.81068479309229,0
1,6.22452120704036,4.81133672701533,1.71514733098334,11.2528585180531,-1.50752618420331,1.00066382500936,-7.59475885853298,4.51272627333455,3.21421973211216,4.59907135289026,6.73662376937618,-3.27568295329514,-2.40678031340323,-0.839837510569797,1.1813666720724,-11.1293881977949,16.2996831691974,-1.11538033952353,7.75402319693027,0
1,-1.91100922809702,1.51293750748685,-2.78924696075335,4.86837554131522,6.4111728390901,0.264860885964572,6.90849386324218,-3.37628988614694,11.8481706640714,1.61172479300025,5.76710186086506,5.25577171208751,3.57894030263689,2.44340564565547,2.89369350890908,1.99828763926424,1.19135632468251,7.47823773352602,4.52833613349454,0
1,7.553557091014,7.08227608851081,4.95530954705754,6.24847945541304,1.33314805638554,6.17047532830727,2.62982041072649,8.29021125013288,-0.650191567147395,6.12519381326874,-1.48898563510913,4.17797722128418,-2.84193289319128,0.332296122548845,1.75380685585431,2.53706147343818,2.63063246902874,1.06671612325704,5.51347919507236,1
1,3.24912359963281,-3.78083697129926,2.86552436746477,8.67191792667477,-3.60339249645709,9.64941106247461,-3.58388187777215,9.46485856522195,8.45504489768118,7.60284515353098,-0.824651055171264,8.42604117183322,0.846951767522859,-0.894270749551567,0.920996382097958,1.95997284384839,-1.10071801376032,7.90740404761852,2.80544128261353,0
1,10.2595769581158,13.6043011199724,8.99891678106254,-0.503595489824868,4.30596227105894,1.94038810316676,7.81893301872951,3.86455213205375,-1.03539098036161,1.38918200406527,-4.8457517247099,2.75106683841849,3.95181141066742,1.18102072135383,2.40488541520316,2.70282306924064,5.66514312503538,0.0653060246430874,-9.95611994486146,1
1,-5.29485364268458,-1.01765623894169,2.58729792313494,4.55048964114245,9.62071405089406,3.99335996245773,5.12295841684559,2.78739773942173,10.5506983766012,11.7266853882941,1.93726512610195,2.80409679724479,-3.04768392089319,3.34582705379004,-3.15276368291928,-3.9246366899067,2.94439740047579,-3.06740591849564,-1.0484330652504,0
1,1.74351056937319,-5.29424707219046,0.342271208995735,6.34396635122077,4.17234149066414,1.64792343047135,5.71191137292332,2.3867145166054,-1.33123689880327,6.94181349749903,2.45315007839154,9.56879317216578,4.97519335563498,-2.27879791043501,7.76605651161426,4.96248552078424,5.17665662619155,9.23281067887138,6.72161785743489,1
1,-0.634625880627989,0.245410864034652,3.39147456652682,8.84675844001514,2.96000185569464,5.00679921940566,0.87114716528591,3.28772972969873,-2.07186138357628,8.12192690642893,-6.76775230322289,2.80995384987483,3.09457614287777,-8.37428113325377,5.23164442469282,8.90343790671532,5.56585354647568,1.5075493699723,0.631528199214389,1
1,1.0136756546185,2.73354242072501,-3.9279582451767,5.81325573163184,-1.28121564208529,3.09247731139399,-0.114360032928287,3.88211794361319,7.18201312224764,0.424411925836815,-5.90668816487519,5.4111756347217,0.416968546776983,-2.62922932143978,2.39414277689172,-2.19364291775296,-1.84443870724608,8.08640366468262,6.18517912762158,0
1,-1.14789371343003,10.1181060384011,-2.17947026696798,4.10573586518666,4.84199265434764,3.18297750930104,1.50973548996754,2.68411809474084,6.82465766306455,1.3443857216925,2.87242538708688,4.42258772499291,3.22733271201261,-7.52178895637091,6.72702864926228,3.5293711814639,6.12933188486554,-4.16001739854034,-2.68811994559981,0
1,-2.169217902675,6.5560483838566,4.55136625569715,-2.34112023635612,-3.35285267445193,7.56457563808001,4.02345328118791,5.26911585457366,4.7585541873004,-2.61292711226951,-3.13441969183863,1.77764039804273,2.37522417631617,5.17669366933044,-4.1107439536131,0.645498411764084,-3.94943688900753,3.78959017023624,3.29060409315579,1
1,4.89361187308225,2.71229216022893,0.334395493880257,5.64780180478847,-6.26574512240446,-2.93710574697727,5.99957303320558,0.321157288112331,3.36594264670141,4.03684542740178,0.503918388152596,-0.674055816151401,-2.19825016884534,11.3507919396466,7.42564481802714,1.69607047724563,2.76681514235317,0.421499729147721,-0.740133558114887,1
1,-3.43790357038464,-4.9474176199408,1.67019526823768,4.50132936209144,1.78323615753123,9.23932006562747,9.94734574978464,7.64672464251086,3.2092990167095,3.32005717190254,7.03858343055313,0.31226078238792,-4.98531960103871,-3.7273096924064,3.06000936763821,6.87854227430129,6.56311083678545,11.7702602791672,-1.24577681272575,1
1,9.42015465778142,-2.33018872336057,1.42389145289025,5.17125126853455,1.82703247100481,3.74556206089915,-0.545352020686357,1.81158594114688,12.2738035302325,2.45641776970832,-0.129556006416752,-7.74263484061504,2.53065884391032,-2.42717722085254,4.51610513455769,3.38884104720174,-5.95732212554971,8.53844996781466,1.07082227809178,0
1,-3.93103292656875,1.18357533885353,-1.25256309387265,4.11822522786128,13.8252776600141,2.90411005356097,-3.07782374075741,-6.77847008268081,-5.16267247609044,-1.40343714432876,2.63532157413474,8.39227508249476,-3.02360585046191,-2.37766950343584,-0.278559970389876,11.659205329402,-0.206998042963656,4.8014242220253,10.5738060918814,0
1,2.5053957569764,14.765130567303,-8.09344329541209,0.990809776449979,-4.08173653945949,-0.801209255652894,2.50429332805215,1.50139815308298,-2.93168158526635,0.84015252434508,5.07885512291578,-5.97555414604023,1.8239000531764,5.94195228170791,-1.91146793270587,0.338546967625804,-0.0148047637385247,-0.534553613407107,2.86107579751522,0
1,4.6649464341324,-7.30113787109207,3.74417485088296,1.61567050782993,2.85453161674522,1.18061204208735,17.1105209264519,4.23510226326937,-4.39570061453046,11.9255589138229,-3.62328855510569,-0.953502416548666,-6.24038082741867,2.15672341987094,-0.731015251852298,9.40971646582356,-8.31151359081431,6.91750394863151,3.11219230266423,1
1,4.93367669546313,7.65527325923011,5.80819753823429,5.43682056640758,6.02526546811097,3.86842402215222,-0.143079225418519,8.1501583641685,6.80377745188172,-2.64579678552613,8.21338510972591,0.148344771351229,-2.64516244943769,4.44473907971969,7.18126523137608,-0.278277820609631,0.98717561900835,5.60848428355482,9.95920545245167,0
1,0.491266680668098,-0.636171286169604,-4.44358117675063,2.8581575346227,7.25296422057942,-8.31857128699211,7.7284060889238,2.30105216307554,0.771790323330663,-0.0304511631309796,6.58507678639858,8.02764178343928,3.36055407096806,5.85734939345599,7.45388327516313,0.843387991687562,9.03794344785246,-5.23373029060773,0.561525470385554,1
1,2.397509976642,10.3299544999371,9.41201359229303,-2.15054287163494,1.94637757670338,-1.00760974419046,0.784508952074537,-7.70034600835501,1.34995772051602,-5.0171627690623,8.3648264649723,2.28925352124085,7.22661397295167,3.23917304334568,9.77436199053373,0.364411863926553,-5.03697034497621,7.93985601618788,4.5886262729513,0
1,6.80632075904839,-3.69600319986702,3.92577411843617,0.549204400971663,-1.71628070714626,4.92995806152905,-0.392716188819387,2.02415882962681,10.9165340916957,-4.20364533787966,-0.131005514500802,6.72112644688379,2.84639274607623,4.23915819069146,1.69001397252306,3.43951014989557,-3.49725852083745,6.2850295256531,-1.61545426127194,0
1,-5.28232958538213,2.71811617331374,8.70820147496936,-4.59562862088254,1.67107974065006,0.527591068241125,-1.55208561103778,-3.99605960983737,-0.895132263922681,0.566173992824071,-5.32159794800677,0.528840752537156,-2.97217491290094,-3.81282632610732,-1.78028221376735,4.33267113403586,0.0346225347132094,1.06214871333155,6.24177787684914,0
1,-1.90869855766041,-3.49775470851375,-2.78585235621144,-2.83515951334456,11.6987799596858,-2.00263772742131,0.943776861411984,-2.88052851824874,12.1139730062164,0.0435634910646145,4.55581474890439,10.3568422422005,-0.0766869916198964,1.69105858948082,9.36233086876306,2.72580543400815,1.70268477806286,13.5599072936895,-4.73490604185869,0
1,3.60201157158305,6.51758213180837,2.83390644177126,1.27694464932241,4.41369504087916,-1.17847265567495,10.2089223543772,-3.12813525617484,-5.04720406821817,-1.08450782116286,5.09266125892125,4.43498909178441,7.4681806333366,-1.08051732283459,-5.75972447549271,4.99662667057948,2.52462703628617,6.76424236750681,1.72086967148235,1
1,-0.223909891684958,9.41889744369043,1.49993020530596,-6.99066278187463,-8.22238536279037,3.17874516207022,3.5092336028172,-1.99613462256281,8.58917806524245,-1.86922154766441,14.7018431192822,4.73647108684041,4.59342128783953,-4.52414651813815,1.2055731085542,-1.90966171199467,2.9449760904915,-0.569649210367397,7.63858989749159,0
1,8.850019969855,11.7536050320058,5.84253715940888,-6.44271237295789,9.11729564325125,-6.17416192423754,4.43664561607642,7.68564545278346,3.61560501287414,1.01686538390514,10.5974646302498,6.38765491984518,5.93520169494688,-3.8449217151321,5.01628509894505,0.805607419063426,0.608987742261277,6.65570401912148,8.69219761262919,0
1,5.36626931677418,5.98800328794759,-0.879297839563466,7.51282599718042,4.70251330457541,6.35614620291103,6.19367896216131,-2.15764449771921,0.0569974000418743,7.67010271560217,-0.324413822568288,-5.41116126364474,6.98350476894927,6.68804773858613,-3.81142369539776,5.26067673621485,13.7959845867737,4.0464921467961,1.56764363944485,0
1,2.36083376207378,11.2163312728891,1.94951164023769,-0.883094621057201,1.83214114081237,-8.84467337217974,12.35870756443,-0.19531386976483,1.13581548306463,0.21099407236661,-3.03388645096478,1.94737993799523,3.88733988610549,-4.50273493517952,-5.80047891895436,7.19039285559095,-0.238172694250911,1.12527202777144,-9.94871818309312,1
1,-5.5387865876834,8.23211954330823,-6.89329574371972,-7.25845864775744,1.91068189444951,-0.516697611577794,5.87809421039765,2.92086730700126,8.69487333889458,-4.41601931811552,5.10494481721949,3.07212124271814,7.54689998818212,-0.0216401338085048,4.44592792806704,3.69170551382515,-4.67678349894428,-14.310746671957,10.2262443679894,0
1,2.13050112663121,1.34062544087992,-1.8881072143525,1.43568380285513,1.25105140103298,-1.93591239486743,-5.13555676475967,6.45189812789595,10.5190293618844,-3.34525902250343,11.966212462717,-1.8336462416839,-2.86606977867787,6.9128252461264,10.1052525373839,5.54694912757911,-5.82390743007107,-0.157963908791792,-1.1127085223955,0
1,0.417920659015035,4.3851861914235,2.62516941832555,8.60534633610757,3.28279740477625,-4.2430010477421,-3.16755667733073,-1.33352505037492,-6.39233910525672,-8.02173824535566,-3.91566982754146,2.06085259982548,3.4982262790288,3.64629746575696,-1.57368264219279,6.20030579232275,1.00260221446431,2.12144845672966,5.59088575206447,1
1,1.48826743239701,-2.85997105737967,-1.53160746194112,5.31127148467321,-0.519334665185082,-3.38953670056477,-5.94727556795913,-2.13111931934998,19.1054730417853,-6.55258161109037,-1.90250804293246,-1.60670165424186,0.30258839336768,5.26173616727195,-1.43343718583328,5.04654497534341,-0.69841858283634,5.61697502774977,-6.48321420953119,0
1,-3.90779613527843,1.07398915299503,1.7821525709426,4.20691599176819,3.38505625830004,3.25038676802801,-12.2427338494689,-0.593078611069206,14.8897132718889,-1.73710091381483,10.7384749395121,3.09873714839808,3.00869447545751,3.65689679057405,-2.70801883059046,0.881411662611966,7.24784360177325,3.76315975120018,-0.230769879277875,0
1,4.49329021914962,8.10481854174411,-0.339629869626099,7.9187295613992,-2.6567801241037,1.4011298439206,8.45366963896303,-3.85859349616688,-0.626609173278098,-2.88207730617188,11.1859349108349,-6.92414111610942,8.62698985462758,1.25562331413481,9.42362999501963,1.17828040847703,1.06404284208999,3.13372886835965,10.1553036620146,1
1,-3.19478220153517,4.70642071741175,5.03465068080745,-1.85750720550447,3.00073437637378,0.495736837735699,-0.468619371412039,6.60016674734906,1.67809047396533,-3.74513055300558,2.97278207223239,3.42204794336749,4.51896741011415,-8.99858788979777,-1.53967597185326,5.10996916193102,2.39601029839812,9.56605259135029,3.71468099435225,0
1,0.868890092787951,4.28678665812665,7.84244154374781,5.64844595676018,7.53418710333223,-9.60381887790928,3.97485338853008,-8.90979067049472,-1.31773677768336,11.9462182690371,-6.10115142119221,-1.18136746764305,-1.14818346896072,-1.04419257448261,-2.18721903213158,-0.2769191181027,-6.088264994881,1.73554313064127,3.7177715777436,1
1,3.90712914725676,-3.19065519843603,-2.11250706403761,-0.9354280788943,4.54603056826901,-4.62160355747893,7.90808926571957,-0.638460386774501,1.53499455704906,10.7556554134925,-0.712852637116219,6.69669948705954,0.249229435413774,-4.8915398503373,-2.02014994684732,1.3400812138618,0.800310083422028,-3.27840487386777,6.48992124886275,1
1,-1.91757894506524,-1.02256615167058,0.464817207026358,2.00382093181257,7.16874838225556,1.34346443768649,-0.559163472902353,-5.20570011046938,5.69929719122918,14.8220465030648,7.8370942023751,-7.86555249076618,-2.75669313404072,0.109578570658802,-0.939519948345402,1.5409649589789,0.640565381985046,-0.517636739111229,-4.82366816522446,0
1,4.91495702840032,-1.82303006876784,9.19880629184871,13.0723265967006,-3.45434380901309,-2.3901757650653,1.3251617566889,-7.78392392094888,2.51681407465281,5.88247950770669,12.7686678743866,2.21256654652926,1.55092874375505,12.2705353655847,-0.988589709747654,-5.93404503395456,-5.01518254511745,1.07865542812992,2.15888436658465,0
1,-4.58255200825846,3.9764793500675,-8.99461627091854,6.8471719785463,2.27396392236298,-1.98384465155504,3.75128089762227,2.14329098539631,2.96003499102168,1.19375727580368,1.92061729913733,0.895451787687698,-0.497984490393616,2.69112701631944,5.03223737280076,3.67094449003468,-2.56475825014248,-0.873425122741958,4.37437314446694,0
1,-12.0488733948027,-2.95253815233279,0.400811041296325,5.84003856858607,5.08625151361031,7.24770356498851,3.12939610908812,9.69117830661389,9.39403801348196,-3.21630347225309,-1.15722566982002,6.70261806564199,5.95786347481681,-1.59573138876676,3.50864056360406,4.85003421288099,-2.36595777344641,-7.3230852338196,7.66419788862741,0
1,4.32483995392926,4.81020695049526,12.3235214207167,-3.5416395590908,-3.34002433866642,2.87794174258671,-1.87157624794052,10.1732017739991,-9.01934239290425,-3.50383131068104,3.5264365812476,-5.90005554406407,-0.463638021468357,6.4434622032774,4.37374127012464,1.69448316480934,6.13596588921392,4.97728931721859,-2.04699389118556,1
1,6.202699134805,-3.58208205966771,12.9679503453213,-1.93117959997357,9.8290716852923,-3.21922310819385,5.65407805003296,-0.813881041763824,-0.457215237009104,-0.484369737353897,2.72439301946042,-0.743655075324838,5.55157355505974,4.45686464237348,-1.1510014494147,10.9703359997218,4.790134412571,5.95765874093175,3.17119965754679,1
1,0.570772882043081,11.1426522906768,2.78297661675075,13.420582401308,-3.17404005492631,-0.343480075011072,4.72817764121233,-1.48477854259122,2.72208635631445,8.40260463298227,-2.54667653095267,5.55930758680941,5.603650669337,1.59824965447112,5.62257155035785,1.12108815415382,5.47212474987553,-1.6807870803923,5.33127005528923,1
1,4.52063127295804,4.30295674739052,-2.31804475306819,-3.46650381986655,2.8225935425292,0.575482592245652,0.557753520392547,-0.691131517357935,-1.91550318658842,5.33235281169557,4.95942086859593,5.0643681129925,-0.17665108032327,0.861843747376428,-13.215674212888,4.89399618392143,9.02910765367004,4.18111900855107,20.5786036293975,0
1,-3.77958262541836,-1.50501806126635,2.82728709745219,3.07239687642536,2.7591616517754,-1.40147590617552,-4.11190455429501,5.55055115891926,7.30483120143519,6.44750098636159,8.95222153895616,3.7816705379946,9.13245871548163,1.27257208384759,7.63851085683593,4.66299064119115,0.393027047470792,0.421640137159879,9.94933919037717,0
1,1.36425696587169,3.20522966250612,-1.2638719797351,6.46285529818536,2.60835150983427,-2.82026805247282,5.16666797784293,-10.8084848149001,-0.227528210610133,1.06439286131695,2.06560213642725,3.44285153634439,2.13462152663951,1.64289987212352,2.99923191671688,5.92339528925099,7.91528455075632,0.523066176094452,-9.85293317160372,1
1,-7.70759188020309,0.237734003860219,9.26408641145742,7.09378986171129,0.947877081782659,1.74097958999803,9.137598279575,3.23850237211145,-0.145900768863827,-5.76818171462954,5.12875100279949,-6.34270857013808,-1.26409211023021,5.09765122324453,-0.0255109314418913,4.088560434082,0.671326631992003,5.02059370281185,2.08613706432188,1
1,7.90590445719261,3.85573979879829,-2.03241327851523,7.44556005459619,4.24968393573102,5.70597359759881,8.90258746694678,-0.0277019050377687,7.94505900264926,3.6320133588979,3.26042516598668,6.25531098589269,2.37199675595928,2.63828338123438,4.37763749622806,1.04359709767927,7.78089934220977,4.09057452535832,2.95541036881458,1
1,11.2995543077158,3.2176635938015,3.86455797604374,1.18435505057393,-3.15582245948731,3.13426001783648,6.36317283397669,-1.71969248425552,6.17147036530752,0.926940139677517,4.30783046905425,3.07888031725041,-2.95481259235991,-1.13688322848992,-4.11561041968262,4.81676624580248,-4.26523012047527,-0.918203345689982,6.09081108951326,1
