"y","x.1","x.2","x.3","x.4","x.5","x.6","x.7","x.8","x.9","x.10","x.11","x.12","x.13","x.14","x.15","x.16","x.17","x.18","x.19","x.20"
1,1,2.29086256649185,-0.350524437647508,-0.863563430859728,0.892631781054136,1.42902591873315,0.656847804989677,0.497520568651754,1.60071433052981,-1.96757455625602,1.05476347870618,-0.213854528246293,0.708263119351169,-1.68135905447249,0.334192198130689,0.881786066176774,0.486826996940328,-0.64769584611815,0.508275855765079,-1.27258484767481
0,1,-0.0459815958414295,0.145401456825631,-0.236469640564407,0.0178543893735703,0.176572832169495,0.148399158195317,0.225939159123543,-1.53020351680252,0.870620937427048,0.215007682170107,-1.46981151938733,0.944217160390763,0.20285591727175,-0.183362411586802,-0.789727122880323,-1.2649274803054,-0.58122445007301,-0.132069743564584,0.643130888112311
0,1,-2.28412242591303,0.54288630683541,-0.616447559116724,0.529054436960237,0.147665236927086,-0.134264723378494,-0.338774733188831,-0.685325422833203,0.31542094076278,-0.930168221896253,-0.974131978009754,-0.0935312614383983,0.230725002276074,-0.891750656102571,0.201250004103123,0.894221368241705,-0.523010505642825,0.797688342721396,-0.463473526766182
1,1,-2.75811558570035,0.714817267172857,0.980487437118341,-1.01672931432067,-1.57248299524825,1.93503886034513,0.194568165677601,0.173916636893083,1.31659398818347,1.30316166611402,0.528860940940846,-0.454683784011395,-0.286976014285953,-0.067100269390879,0.391515516003356,0.675640162170033,-2.47666260221554,-0.974474483828016,0.365458827151294
0,1,1.37137774976269,0.400099130391753,-0.798700122289086,0.229357155468532,-0.157773496452958,-2.80009925264654,0.986895296196624,-0.790862509328664,-0.489315171121457,0.619218892393153,-1.1792326272328,0.0556877876202379,1.19444027224139,1.73279891511986,0.773395323940315,-2.36180818059091,0.460760141973857,-2.63990316303062,-0.35922395523742
1,1,0.705283913987192,-0.676542782273527,0.523576126405294,-0.229815245515425,0.964505163934186,0.248336304228401,0.568152736163945,-1.70391018612535,-0.140167619998985,-0.338081995978902,-1.46196400045338,1.42339539769709,0.896237564920809,0.585674618514715,0.136454476657123,-1.17838687338696,0.984329998965781,-0.674122527299348,-0.0103709552581666
0,1,0.293322226607787,-0.986172731493622,-1.38926505155592,-0.177673699000671,0.037394172239949,1.55025235904719,-0.835806072162057,-0.770983628775821,0.478522868259393,-0.695549172941976,0.500410987014593,-1.22687678969777,1.90922242042957,-0.174486383786227,-0.197515800552336,0.347208110127794,-1.01051541482551,0.149423318698591,1.92895597232964
1,1,-0.445925261329019,-0.40541575442212,-0.187277802990271,-0.241411213645493,0.413424522906015,0.250273328236411,0.271474969004331,2.11914143692533,0.639430205539502,0.817826442853983,-0.183501775813259,-1.95160312812995,2.0174380874083,0.679314932575186,0.697472523646313,0.0764483752523625,0.23299681841234,-0.326896532902965,0.141517197674457
1,1,0.0124796325172393,0.611644147015098,0.175258561813012,0.212413191482007,-0.218328094125216,-0.409219792607572,0.451491453532198,0.150861712881583,0.220945568983517,-0.455424350816766,-0.839113039356794,-0.594595681146809,0.657815567344252,-1.07896133437101,-0.857733340071922,-0.209803377453395,-1.10953921126687,-0.064024225081005,-0.345252039824962
1,1,-0.445723992142076,0.853113647544594,-1.17006051949798,-0.0337142719123104,0.158766572796619,1.77933676771874,0.59435361671343,1.70723718433293,1.54834144319531,-0.909488415967157,-0.95372168217202,0.806597162761058,0.253445350086567,-1.11558313331312,-1.03039316489788,0.710062212226718,0.586508224384006,-1.01310271233379,-0.00318053790126492
0,1,-0.816336963095729,-0.174065859637008,-0.769184222505183,0.0475861835765853,-0.588605373202757,-0.372413623101625,0.340051123560552,-1.95219591546756,0.98427351996086,0.171591657497801,1.65376009248772,1.23960178160946,-1.14772279753906,-0.899958699599606,-0.182423241248688,-0.92670911735494,0.900348035029109,0.941715396343332,0.345392708380255
0,1,-0.567052341530253,-1.47831806665094,0.159678119189879,-1.23327641950353,-0.256352617195598,1.20574836890823,-0.908072829947036,0.0713489461191933,-1.66965018098292,0.439167364150813,-0.122271911283472,-0.36261954241295,-0.117404362388714,0.599361490790527,-0.760254535185181,0.0794702485716994,-2.42551730425109,2.53366389431584,-0.728481685884288
0,1,-0.321676383174751,-0.351572652016204,-1.62341733349964,-1.36817730026079,0.528780279724755,-0.779819149485031,0.139450540817831,1.17650777580193,-0.163532477501942,-0.0589298213126129,0.220108894780089,-1.08359870455409,0.912107508080823,0.629944623531129,-0.569293426667395,0.580886475665196,0.167422103541875,0.331396958879513,1.87843635113674
1,1,-0.924936013213561,-0.365711197595846,0.340183790202339,-1.15548683768392,1.22813435494399,2.06573194194746,0.00458075159128196,-0.846321695862693,1.01348001136949,-1.00530013119323,-0.0563871154578061,-0.184181540158641,0.0269264032362903,0.232144118620218,-0.381236018317049,-2.49663354832929,0.287529646765129,-0.379757565428978,-0.0315211001512902
0,1,1.80053034243552,-0.979037548765512,0.979699371668854,0.24280174541084,-1.46884621374807,-1.03150884700121,-0.617044067062071,0.313981423415072,-1.37558502052445,0.41082351660493,0.106123726417341,0.381066407572642,0.940179706928276,-2.48832607322303,-0.54759439631617,-1.42163041202261,0.9346115951989,-0.0696210783812926,0.881468842671847
1,1,0.314726089084262,0.327627869856109,1.10962818355187,0.263624856517847,0.117912578114814,0.375479488697299,0.607862136471312,-0.661294660613192,-0.302683056932118,0.827847162031159,1.73938036927532,-0.356276236933431,-1.79528902407524,0.397920847956709,-0.141686930813085,-1.30601647418801,-0.667308895064892,-1.0416065884768,-1.1768198141583
1,1,-0.368895716470771,0.605113198662995,0.0718525393681747,-0.157071952923642,-0.780811630390004,-2.1479352458293,-1.44220548451395,1.20768211720374,-1.39966608035046,1.46039126849268,1.26117951465682,0.740782572395126,0.399438087653968,1.17033088573204,-0.607719472953821,0.118022823438864,0.339326156880849,-0.0629074226916849,1.38719722960102
1,1,-0.647432120786626,-0.195749305248768,0.842558014227806,-0.123607289879582,-0.956270794350816,0.172579288387852,1.05438038829589,0.649465845140862,-0.186827641595157,-0.21141574057891,1.19308858155767,-0.17960829683131,-1.40250450513562,-0.614346200758209,0.622535981014548,2.23639793411625,1.33021170543038,-0.340938005823172,0.171035258720848
0,1,0.873657299766167,-1.09138790488311,-0.43147632455327,-0.425436421083252,-0.400094387675204,0.948233948716891,-1.29628349657843,-1.66183042648283,1.75559062954714,-0.961684106733783,-0.589491189137087,1.01888916532377,0.842086421972249,-0.508605484313493,1.6282997015851,0.444103221747344,-0.142476978115835,0.00494983232915417,1.33879215338833
0,1,-0.130260461243159,-0.435257850682864,-1.90356900862274,-0.419285060574601,0.144014172072235,-0.247109062747547,0.33131533836232,0.0560829706414151,-0.244289369705564,0.978720246425557,-0.228676227385634,-1.93285006187977,0.33009155884628,-2.43894100231172,-0.0957687798194992,-0.903299915561802,-1.12458125945543,0.178529563403188,-0.357272130689666
1,1,1.52801455333873,0.0911159660517891,-3.09489401979295,-0.655333173438991,0.78299792677632,0.391264450222386,0.417458034581649,1.13787220542208,0.80590906137661,0.0736865325849799,-0.244834224253422,-0.0163357610886597,-0.705182263253559,0.15859900460116,-0.821338336864779,1.00038826396138,-0.541808516488761,-0.192341693054214,0.03586256834056
1,1,1.01305702056037,-0.799736096249664,-1.26012522190088,-1.24482996305227,0.669931692711012,-0.535905621944808,-0.320641476496198,0.290170301529879,1.14445034586991,0.573409224028083,-0.84890599714424,1.93166071181708,-1.31569283431989,-0.485079664085516,-0.618072760713063,-0.618571060811502,-0.515142075903925,-0.160760966475803,-0.794054076842252
0,1,-2.72605683098427,-0.87342231785891,0.0694907287624675,-0.806441984019651,-1.66628759445203,1.04023133827293,-0.0844100477995645,-0.35601592981661,1.50839540294564,1.36658783642932,1.51468699591157,0.78566061897022,1.09617166024906,0.934459910464199,-0.293827031835539,0.466401856616964,-0.437584476235439,1.854150658577,-3.32520022149913
1,1,-0.217438809541809,1.0770898850583,2.37199488520903,1.06359200090417,-0.0952792189365266,0.912237655831809,-1.47924565070083,0.479379175641724,-0.0473402963356247,-1.66706449744338,0.243952464210816,-0.460926083113695,0.378453042441771,0.35770050330521,-1.07995365047867,-1.08104363074211,-0.289300111851304,-0.465286435924124,-0.895848327673448
1,1,-3.02608277600266,0.342383487398733,-0.709503192938829,-0.982178756382941,1.1437028016462,1.84868930896298,0.501134843263752,-0.429258887444375,1.21207451591061,0.720997843185356,0.378777659297265,-0.324307273948154,-0.634421856278208,-0.529522017574424,-0.723566094127914,2.51427728977312,0.000689223215306422,-1.24708057435435,-0.693826998358531
1,1,-0.421896742101089,0.365344064942674,1.05867654024833,-0.293499003848765,-0.919957157487315,-0.296075622342568,0.599551993061274,1.89639346463882,-0.383583730335594,2.23744364721108,-0.638146105759805,0.416695135943984,-1.16123760598256,0.245102426600337,-0.21348293165235,0.715358566824687,1.11878435976028,-2.17481429981754,2.25447298715568
1,1,0.713307476426078,1.34102494936701,-1.88567798668353,0.412144524956324,1.23058896927273,-0.303496872695712,-1.09172452243214,1.09100326865569,-0.485265236875281,-1.13900726306388,-0.480679606827879,0.147063194791,-0.343916996478683,0.984827960222529,-0.543026611997344,0.323213653411399,-0.519444331223791,0.306853559368435,-0.325585791382171
1,1,0.196488032167241,1.38576742595107,-0.664528997635794,0.948091611861037,-0.908662335520676,-0.13059315882816,-0.786694916567839,0.568699776243678,0.514782502770729,1.64158958282692,1.18792318379945,0.228859232456362,-1.62086079384417,0.182952031041556,-0.521337765701914,-0.927231462845255,-0.299026685999241,0.130663018915531,1.0533474846575
0,1,-1.4317597777502,-1.34923401460044,-1.19056968576943,-0.728911975550276,1.29141646526639,0.687451642205078,-1.62853494254943,0.746942039324923,0.420965044287499,1.62875692630672,0.644015261816012,-0.222648005252145,1.40762478187724,-2.21829583532612,-0.229264350567284,-0.710765492212535,-1.77321169618616,0.885411805243089,0.0873106814465603
1,1,-0.0940965053796193,-1.20984098739815,0.221928687437484,-0.639561425472246,0.531349329262375,0.145128018447086,-0.954250569910246,1.64504193426537,-0.816321347020627,0.524372280149195,1.6784490864293,0.83473082866574,0.267886170366705,0.889742726186991,0.0376762928209846,-1.38184867935838,0.477568592084648,0.524333921484589,1.32355268326363
1,1,1.07072192681942,-0.0812069182640815,-0.287942296280581,0.0599392666755292,0.915695501695559,-0.105559373693334,-0.511512490941437,0.691324458992448,0.322241057374533,1.17947865156972,0.914113319310184,0.177949418403909,1.17071134406744,-0.0816494730842458,0.380454372713742,-0.521682575212425,0.243414379021689,-1.19989910657801,-0.170759192647995
1,1,-1.95270475767474,-1.88495275542765,-0.346221298087867,0.164502397296506,0.26197036889074,-0.486621201865863,1.7865045057493,0.631682907950999,0.463908741885405,-1.33074969216734,1.32375211296095,0.197298755550008,-0.0609915587631753,-0.634404884876908,-1.83379370895107,0.015176024340337,-1.32026237860143,0.642453238228552,0.223694034459596
1,1,0.303169456661318,-0.0254211494117612,-0.415043480947919,1.45877810766349,-0.175657093164387,0.275100676154049,0.927656640337596,-0.42878967113152,-0.373634592948596,1.01569301448851,-0.976487392228252,-0.000534758482016546,-0.183122801309178,1.0024427722397,-2.41520585550332,-0.606351155931734,-0.0105578499939024,-0.44672112060181,-0.0222165465564152
0,1,0.68909436058253,0.268124947940613,-2.7465701791207,0.0677202498456521,0.396926880201227,-0.713520094751425,0.705038403077313,-1.6830450006482,0.383804032084796,1.25835629092164,-0.425431870162625,-0.334729231614411,-0.940344723026027,-0.0747583119884516,-0.249430883843246,-1.44423640439763,1.10169060481499,-1.88196428300591,1.50460394493336
1,1,0.358029537617167,0.703871289339899,0.274857527172189,-0.265532622609163,-0.402461764529699,-0.267557723541877,1.95328257351176,-0.699758800715565,0.733814194848274,0.3043298927758,0.299356563799438,-1.33005709232117,0.00308681791732142,0.619706856341504,0.0961413329513174,1.41694547129617,1.38544947815012,0.688610100361196,1.00627165132427
0,1,-1.44664729122238,0.501929201900068,-0.975565448472947,1.36153627077838,-1.5270417476227,0.585085866512804,-0.739386871771685,-0.56810079564468,-1.57843382644858,-1.10324368432479,2.35176430730918,0.0160303464084265,-0.93466830387976,0.390766988837334,-1.63815071684422,0.806267034830386,1.45782427716749,-2.03401753696212,0.16254554627031
0,1,-1.49453831650672,-0.664128994905082,-0.635757279011633,-1.58283126552669,0.0250817847521026,-0.389411824016438,1.14351813292123,-0.5833215380879,1.69880944722511,0.702028275109575,-1.20897678767878,-0.476192179710394,-1.0675132766353,-2.36523501228112,0.763474916375857,-0.022434846736103,0.720144318139423,2.1317587158996,-0.570859256390368
1,1,0.204277844691743,-0.79940248671816,-0.508206906856785,-1.90785082584915,1.11070779383402,-1.51385820254032,0.772821688571472,0.490152986144685,3.21399611081516,0.213043266599677,1.47386566136984,0.357423691751239,-0.148877767942344,1.06645669467304,-0.51966745906061,-0.806536940609401,1.25640994089686,0.312277746636695,0.881682515132147
1,1,-1.52447678079267,-1.30587675401814,-1.47706801673978,1.09811912578728,-0.135563491885611,0.0869137364556788,0.736585196116168,1.90259595181989,0.572088256271811,0.311324234997212,-0.70615839368703,1.21058945375686,-0.134796590568818,0.049445486812808,-0.114307372882165,-0.135416383192876,-0.98950971373025,0.52264563023235,-1.76727359298841
1,1,0.216511512745807,0.699765835393792,-0.864866555441183,1.52009699998945,-0.226027359479158,0.309447664626125,1.92799146774628,1.09120713128557,-1.53041603001914,0.778519323565182,-0.881816547236965,-0.700732636557786,0.0112964842893679,-0.445231191815605,-0.462880313053849,0.289142784094379,0.751967004168315,0.000758389293059079,2.28190297817347
0,1,-1.05091310800944,-1.82832409878108,-0.93031726003958,1.48087156944466,-0.0213614753906739,1.21379973599961,-0.102698383172804,-1.19624399055706,0.304050759901923,1.44443397887188,0.0488063291344852,-2.29149993535071,0.552290254455562,-0.280675957298729,0.568498342066123,-0.0271862019775406,-0.349278472702333,1.63256186278061,0.385693502101182
0,1,-2.4009251151238,-1.29051338136614,1.01731019758779,1.07855529287737,-0.609735483176338,1.03023742506021,2.34087586331414,-0.572620985823005,-1.04575492351923,-0.0606347415296654,0.0545544258248989,-0.0649246349435727,0.903471180241937,-2.79780937919166,-1.47410012535058,0.414028825716751,1.6554190259772,-0.445907552861938,-0.318668150860104
0,1,-0.898421318978764,-0.603423926349907,-0.448926242168492,0.923719512074048,-1.23760609843666,-0.383158009252677,-1.09899026409696,-0.969414593001642,-1.18627515833852,0.923182445008073,1.66494021205973,-0.182218728339536,-0.198372173846573,0.103003947952172,0.144282063690102,-0.96063697254036,-0.929104659850702,0.928416294669068,1.64789081588435
1,1,-0.119958405206184,1.78006951621518,0.137561991926185,-0.286733552033615,0.137802334475491,0.157414817054439,-0.67456982401269,0.439920520157539,-0.725551134341941,0.904897171477116,-0.595044812705483,-0.252576659288783,-0.312196773715037,-0.459664319743039,2.47757699748498,0.185105768340515,-0.680107665525441,0.196756542122587,-0.347814504206346
1,1,-0.73731230986141,0.8933338048312,0.049365670096699,-0.848629452432755,0.06208491962212,-1.63092654761075,-0.825874685473845,1.18814749431274,0.22947675435124,-0.0508303370437469,0.76230102236601,-0.514433938318086,1.28295423589682,-0.927253114779967,0.436930161469048,0.699655318280257,0.790693714307389,-1.40796360405687,-1.74439617980462
1,1,-0.0406138867400586,0.102161516154068,-0.124052411867061,0.119730611507317,1.67878555094323,-0.873090133840161,1.7274093939888,0.578343171117857,-0.65216988842587,-1.75966736103497,0.664479320299002,0.685106900492347,0.0820448514521472,0.726382084466543,2.07706148581468,-0.181513741054559,-0.0952228665264406,-0.745168871007782,-0.0203527138903973
0,1,-2.41791504912558,-0.995364042664934,-0.0750308927471988,0.624515605636378,0.822880431504567,-0.687640321444816,-2.0618550805293,-0.27516068529659,0.27154599562334,-1.12720554048011,0.142861118874158,-0.183414065079572,-1.08181410725742,0.677228549257459,-1.20445198608151,-0.0251017965726482,-0.565945401250764,-0.631614956000175,0.0432740022317591
0,1,-0.851607471899029,0.582279811142959,0.295200865356105,-1.84936776747708,1.06704986411518,-0.102972663485248,-0.16287599048976,0.942868029309585,-2.69503757640859,-1.64100110850925,-0.416066420008894,0.490249311414462,-1.42409770035191,1.50309654525708,-3.16903701358735,-0.607923163222638,-0.965890655160129,1.49291410739208,1.32443086050919
0,1,-1.21179125071201,-0.424924402919037,-1.05953533685952,0.183932985405064,0.197683270752999,0.350987838627655,-0.78365779932878,-1.15275488336282,-0.815475183657089,0.392470907651993,-0.608989941101239,-0.526000666343536,0.282539393228888,1.46209316672514,-0.707430512124128,-0.148410475382145,-0.169166766396046,0.438126572652496,0.103546661027934
1,1,-0.416445672356182,0.0651417341593424,1.23009600696371,0.92042488293505,-0.524336889516723,0.955896796511014,-0.535678911915213,-0.332537844233947,0.784929116380076,0.774384280576256,0.315789869525353,-0.338342963532059,0.781639769083929,-1.06555053597431,0.294935701179258,0.694816557430665,0.255758721640436,0.157971678420867,-1.14733175242367
0,1,0.711510450342159,-0.419476583259081,0.746188144658246,-1.23334334506844,-0.748223836471239,0.257383098726479,-1.10372334326475,-0.00158866932950168,-0.775299483671564,0.662275099169093,-0.347705804995684,-0.328498757251292,-1.04877167548328,0.109990526247786,-2.5592104992021,0.146718787803034,0.293795167478278,-1.03209249676824,0.257097426842343
1,1,-0.477080482144124,0.211930024161164,1.16138639114239,-0.708254060111888,2.15199736017728,-1.85986859003442,0.530075534903379,0.723139677962142,-1.48005622419433,0.707951745411314,-0.214318995158451,-0.298621536586652,1.3625372952673,2.06609823349513,2.10571749712746,2.02027378784167,0.5907250711368,1.19944357859984,0.970169401163494
0,1,0.946737711265425,-0.334567419182007,-0.246768286489898,-0.820453313723337,-1.35710557488333,-0.0366578595184906,0.165460916464432,1.03275393881587,-0.272371122016763,-2.26290139882573,-0.0454410742567582,-1.31160032029538,0.504391094294417,1.02496675165744,-1.39572496208899,-0.145650646070997,-0.0422518411509826,2.32005493155443,0.611975675353348
1,1,-0.703516456248462,0.325976429183567,-0.746317967711734,-0.549073532139091,0.947021710765507,-0.43072094574393,-0.372307001745405,0.106964265980857,0.214242875879905,0.867200240263891,1.25542884813174,-0.490186883032111,-0.00959439060647586,0.0475400735604582,1.66667508460029,0.873356017000861,-0.808226065574036,0.0636959478944897,-0.121989078613756
1,1,-0.168776980682098,0.916219620682057,0.352617680121458,-0.332531324469528,0.325290048860729,0.503746012312291,-0.695573615081977,0.569223485512531,2.08467042118606,1.78222425929174,-1.16557544975623,-0.267417505707811,-0.866522921879254,-0.524488068134221,0.96353415604204,1.10445938137401,0.499161615022904,0.851658869510539,0.596378907699455
1,1,0.536119086569845,1.25390835203891,1.63530088272673,-0.0413026771371744,-0.673552526768691,0.494382693752256,-0.44241036598323,0.221491669350831,1.34047618086222,-0.0861282627934267,0.250150640006648,-0.127251645068762,0.644406955301357,0.40259951887629,1.49431554443131,-0.37465633110445,-0.669500349904678,-0.0997256905548717,-0.833495233123396
0,1,0.288759689110866,-1.16823783314931,1.30473341518108,-2.29286952625172,-0.611635751522685,-0.359320470313866,-0.303409119723217,-0.747892506287568,-0.473105090217822,2.70850635936866,-0.810201176570852,0.598689181944621,0.242021946797426,1.07387121475924,0.296467402163964,0.0268262872037517,-0.762156840386052,-0.245672003052592,1.16148262059635
1,1,1.1325665340465,0.286985728002771,-1.68246389849507,1.40625366421419,1.05581180961916,1.04813180253684,0.422534409179241,1.96227409303795,-1.19060557731636,-1.42391943527348,0.909501032081287,-2.99823552898674,-0.226896209271825,-0.818294108963788,0.18763251193791,-0.460996781801251,0.568351675286156,-0.660160830782028,-0.462981318403424
1,1,-0.984115513459964,0.9694656076547,-0.155765136249777,1.19196148165958,1.55836021512341,1.04385209239048,-0.0958085543664078,0.335524647873564,1.05305932131097,0.803742995533343,0.279650189098528,-0.364449496327658,-1.6726397508913,-1.30183427873801,-0.448592012678734,2.11526534199066,1.20128859983907,1.07381501959465,-1.68672421475722
1,1,1.10310940782138,-0.358831694872155,0.0847301736302068,0.604983561840292,0.541405573206709,0.0921300764195634,-1.94605527300771,0.669384253709756,-0.981169845540458,0.847548368378791,0.733313431990968,0.54885713496385,0.201707096337894,0.386622884429602,2.38218127237609,-0.846929872153704,0.0588121462248474,-0.231505100518095,-1.04019348422974
1,1,1.20252352140431,0.837999198563547,-1.8067044233661,0.198759038249635,0.423755571767236,0.877817842549519,0.572572878246322,1.3479428071242,-0.495194364119961,0.504404300318825,-1.0371671372929,1.03836500407292,-0.312893228987854,-0.630250051607618,-0.585165246912169,2.01588798111228,0.223733956392385,-1.2382250414646,-0.413034901292892
1,1,-0.148746996600324,-0.672041579903749,-0.00933963583287044,1.1090955172588,0.223576983384883,-0.357594401907927,0.734725748376358,1.08497896058828,-0.261223875887836,0.0194790824188532,1.35441545962139,-1.36278234309617,-0.195401905903196,-0.968256442764368,0.0924171390397924,-0.898250769733309,-1.10252405331723,-0.852382220391435,-2.53916875728303
1,1,-0.639832036354135,-0.0207053839865962,1.08210883790101,0.598896182541058,-0.161636720056645,-0.127247392447437,0.122307009139295,1.86903209419667,0.0188957523395365,0.411329370906101,0.134763723125021,0.113037970610608,1.44849152156551,-0.401547583874656,0.117179641250905,-0.774197796233486,-0.21509626167479,0.0347703532638019,1.19901642087242
1,1,0.120201767840739,-1.03854224020714,0.706679767744994,-0.770912072548026,-0.21187211624569,0.771331643851492,-0.770494967837359,0.000617336865561899,1.75157159728257,-0.592897438662253,1.18032437484362,-0.115903946050724,-0.164731154777041,-1.13931512317575,1.37976615274026,0.218494112142299,-1.49062454827428,1.01453003182008,0.705866626203614
1,1,-0.845418812784706,1.3435804190006,1.53089028709484,-0.654885290523183,0.454887168241387,0.100313271372411,-0.02883994178962,2.00914105905578,0.139817621065676,0.0506768233166097,-0.450500052121015,1.19737096849085,1.34128765437372,-1.22533312507857,0.0082250331783214,0.995393447055709,-0.673483086463204,1.76198647314101,-0.206665007671118
1,1,-0.101976815577996,0.485116330989812,1.0254038622265,0.725201684115774,-0.0055275436095956,-1.11555435926903,-0.551525339718598,0.613132733763004,1.11930455940528,-0.968329591875158,1.83133247646337,-1.29805026526887,0.798370452493548,-0.878293629756368,1.43858833253696,0.444389497075216,-0.413215603429369,-0.307092177572853,1.27763364503666
0,1,0.39442976117358,0.00707493574909271,-1.7334181395682,-0.421934404212898,-1.22170598156578,-0.362398180996437,-0.847323282384771,-0.148926322798928,-1.62244131446439,0.895429451750986,-0.00564215966234858,1.27865671294514,-0.302074191951859,0.0940314182377183,-0.37367400808124,-2.04231026764936,-0.351276515166796,-0.541868858623655,-1.17156782936756
0,1,0.506209165451487,-0.755007027658272,-0.792952318269569,0.159391434161268,0.0836258954772739,-0.337260582047759,-0.236722098046544,0.882955075217692,-0.263900569139014,0.40777387749122,-1.76502957090303,0.365304834246485,0.980068532235159,0.903954868631259,-1.12907439896161,-0.617336739446393,-0.099290249173428,0.466684378372988,-0.0448411431205371
0,1,-0.0340264574611025,-0.341098146366722,1.36429768076696,-1.21352727026237,-1.24825494655004,-0.429855199016954,-0.00464208222734217,-1.46696319795121,-0.747890060522836,-0.0977703529638891,-0.485402153404479,0.409837292861898,0.797785316541282,-0.48333659844247,-2.63819179613891,1.75769848498961,0.0993076060140131,-1.16361176893278,-0.300965114206211
1,1,0.0726694468309493,0.269087415007743,-0.876061681356912,0.133415198510002,0.641198786659717,0.204132864664294,-0.746822245196711,1.18054384984546,-0.660709314841031,-1.31338134705648,0.243918753196776,0.454213273055266,-1.83475465865248,-0.0170953157378597,0.319413422039622,1.40094856473001,-2.13736567814584,0.0378861238848467,-1.47378086520962
1,1,0.0418991526030186,1.65736934626186,0.159287569957316,0.637044176334833,-1.33511165097365,-0.122498199009075,0.626582531863218,0.0706866980955346,0.566839859017684,1.07266043548589,-0.655516980954143,-0.19169369457415,0.182934109633466,-0.0655478625769267,-0.446393014012594,0.414035089464777,1.08140281984601,0.359099286334921,-0.780050072487253
1,1,-0.730898826866922,-0.551036596611426,1.50748676704363,-0.628435532704334,0.608378086858817,-0.976234972066807,-1.36158936550208,2.07554422907026,1.18849451646671,-0.243738700328553,1.06887847761382,-1.0040924625673,-0.873869451611879,-0.703445678047292,-2.19141187060637,1.58255401705452,0.814097179613111,0.376927939646453,0.388697538385788
0,1,1.01640247309461,1.02625309435972,-0.934957651122427,-0.0126949913553849,-1.29198977400735,-0.165533429004777,0.887564243477795,-0.570414811146774,-0.710938983593368,-0.508708759574848,0.603864872295938,-1.07011161347891,0.879184094418748,0.350056789546855,1.50748457760365,0.990760504095471,1.61268610918398,0.23332351204797,0.734830665760823
1,1,0.663834017888357,-0.206479899526293,0.253933066053837,0.676845786793724,0.662200473179025,-1.43461734104687,0.0126017631812296,-0.512937872547715,1.04823415600584,-0.676845420821031,-0.348023044704068,-0.418083582523272,0.28651326054827,-1.10064236379682,1.10486685734755,-1.19383387065016,0.592475472991144,-2.58677257897926,0.790607698591431
1,1,0.455912991234373,-0.423412979377212,-0.314687506922451,-0.733098982217806,0.858933385875261,1.13727076291965,-0.429487275953786,0.518377250236352,-0.291938877361179,-0.126548008460507,2.25207467488345,0.196468325907035,1.09612501705339,0.885306829702976,2.31061290382823,1.53841329850779,-0.696718251209239,0.0519793052550994,-0.180218926506219
0,1,-0.74255327516233,0.536369711171312,-0.333077990045131,-0.0198792783377465,-0.274013548065338,0.186447139495409,1.1973213416838,-0.247114283599169,-0.368367707724708,-0.781380691476872,0.212230278583589,-0.0350292994507825,-1.41422875048521,-0.324580735209078,1.26111512000238,0.560305855514389,0.912817981092419,-0.217368792521082,1.62220431554658
0,1,0.290551994480857,-0.974632572430246,-0.470201591873072,-0.33451834792725,-1.28494273271959,-0.722822102670286,-0.558387176561681,1.9330688313449,-0.892675862288583,0.547066285041383,2.37411922034703,0.704059873158454,0.759256141462755,0.453900080065463,-0.198201034757096,-1.89429118249626,0.644677222684102,-0.0082502149621439,0.539925187287782
1,1,-0.017107194884302,1.47825079037806,0.046660922884919,-0.451085747200712,-0.109646466195999,-0.137319814353552,1.01313782731452,0.724145589386286,-1.93728226740149,1.29865358873079,0.00101558369323734,0.726979509179632,1.87531411114465,0.411006635367459,0.755898865393844,-0.635152565163012,0.364145300743612,-1.63625835863562,1.65771775734695
1,1,-1.6029102877106,-2.20511676853205,-0.385375106392395,0.24253739633174,-0.00813051872027496,-0.542828004906892,-0.40190734814602,1.29897300562329,-0.594391905043933,-0.6777291452577,-0.902484972340727,-0.488648585285174,0.194999519133321,0.731588722422421,0.453756581969416,-0.10900643965985,0.750899323884563,0.0625396735851088,1.92735266885403
0,1,0.151692592932667,-0.291738985719396,-1.33958675144824,-0.904516759094497,-0.432801689581991,1.46666955851856,-0.904221535948379,-0.533867079357825,1.16216261064149,-0.863513679087241,0.437387806889553,-0.598557555488013,0.629880571365462,-0.20483725475272,-0.237337268917486,-1.37646818231013,-1.11168091418596,0.613865114278367,0.510116084591514
0,1,-1.96444389281038,-0.852430026020443,-1.00277349657096,-2.34547563564601,0.53902193453392,1.45941162023889,0.384653954674379,-0.58157564288986,-1.53658566239645,-1.30598546475999,-0.271703319545031,-1.32108737769153,0.358901993554678,0.527391537664323,0.540130531209024,-0.0477719093169309,0.797675756390194,-1.91131955990357,-1.10183712366771
1,1,-0.482190487400502,1.80775511106309,1.63017090993618,1.99845257108037,-0.240944204884767,-0.4005382821315,-0.685235095605005,0.537305212915206,0.141944054556172,0.824964291796957,-0.722227162432257,0.277975125990374,-0.489248041774055,-0.638396629824255,-0.0722070522519396,-2.15112755660167,0.279329876476302,2.18943160801277,-0.611952272869616
1,1,-0.0182865738990671,-0.61715751771738,-0.051882850144019,1.13198126286726,0.622134547533121,1.35864744181228,-0.137399197815345,0.739718936107414,0.0463002005581604,0.121374799318489,-1.72486968051055,0.178844911423556,0.537911061832172,0.213816056170176,0.770166830260154,-1.91174735224726,-0.898726858729352,-0.101621000983036,0.185372000395324
0,1,-0.813379977171884,0.698340929951758,-0.180945747527118,0.836656667682558,1.57617679052293,-0.32832019965368,0.181961039884443,-1.75083894542031,0.07332626711657,2.04174020386164,-0.439299202129619,-0.903855413119138,0.85469970720781,0.333960435333487,-0.653094100362142,-0.369107874598372,-0.651016245879924,0.732337462687085,0.995400405759843
0,1,2.2839445650361,-2.81513676726418,0.645842665064218,0.829742230635366,-2.00548102504815,0.633120027439471,0.939721034398594,0.333386639488744,-0.120874062208609,-0.360444211911234,-0.904911422826654,1.12053080552003,-0.950438198743602,-1.21553966452539,-1.45181197180159,-1.33523589454268,-1.04898235522661,0.604728526432719,-0.793672674267421
1,1,-0.797228343523815,-1.7181975253661,-1.173735082174,1.04792685902703,1.10119867764112,0.00893690172666304,-0.20544034409392,0.625235287553767,2.76471105307362,0.0699447637903617,1.05409470449988,0.914521501107877,0.672346637180645,-0.991977203998124,2.75056519147038,0.850424583767254,-1.15100267066659,1.71048142698947,-0.48641486247026
1,1,-0.336929441886033,0.114018068939132,0.697573745564776,0.869045443095772,0.0732931333926859,-0.0796213239052742,-0.842956017027343,-0.234662258190855,0.656678856976178,-0.278891947311012,-1.74877606311787,0.0312779713600224,-0.661486214142331,-0.477079281282996,-0.0895229594961427,0.131385849398207,1.00069203412278,-1.43365219234876,-0.554386525263937
0,1,0.319366940687205,1.6218672601388,-2.46671232659269,-1.45077652739337,-0.773428733038906,-0.127517592818601,-0.0549892683585995,1.28687716183807,-0.442299434424865,-0.579237041236052,0.869654181003374,1.41001978961702,1.16735756858981,0.329171973156405,-0.049575108756723,-1.44576800984835,0.457566614288869,0.579518072406291,1.20376753298449
1,1,2.0962169805166,-0.0986331554054526,0.471160324097411,-1.73034285099852,0.934360564906721,1.59427278116341,1.17921342435818,-0.237791069053704,0.428934285736248,-1.50936222780762,-0.740714658095897,-0.545812959297901,0.83572108629018,0.421385015003177,2.14408482967549,0.088599874710734,0.00437036983763473,0.520275230594751,0.223901167413204
0,1,-0.333863639139005,0.0682896829940783,-1.15903448234471,0.719163642273118,0.50752868020831,-0.630682139133598,0.664514178142511,-1.53900248465428,-0.903260888919971,-2.0297691746894,-0.589363065311731,0.921322656837031,-0.80368576772778,-0.451586425253971,0.880241780442147,0.608540894348588,-1.29977933806006,-0.151761979298953,-0.438995468456771
1,1,0.0881966969643974,-0.280013222592655,-0.170509610954647,0.2577889141992,-0.306546160427128,0.358610618750289,0.0047325833773643,2.47321670947354,-0.93422143844802,1.02340475581375,-0.0666892914979918,-0.474853855824374,-1.1064145520291,2.03746881232471,-1.30893656625941,1.89216769035327,-0.0753257788194063,-0.0483342928252117,0.919148991159103
0,1,0.886504166601541,-0.559720852691701,0.741809960096613,0.330889126944235,0.422784079622112,-0.488850228785472,0.133904367203155,-1.35656497196673,0.277712300492373,0.673549511657385,1.63516129254642,2.40698030430798,-1.11127363645428,0.252239112548778,-0.00767063964629408,0.526898015319204,-1.82695140304698,0.0980046886272798,0.428346600306948
0,1,-0.537942894274415,-0.190485303792474,-0.504905695259594,0.646334019219024,1.11563346794096,0.417458191551485,1.17460786574458,-1.32172496291252,0.438700350729739,-1.19060020450293,1.10823180232311,0.954028193339598,1.04913034527417,0.0248323932309352,0.790363634998488,0.57101701671252,-0.465102687667297,-0.515636177036819,0.665085300720936
0,1,0.159250961271615,1.41872472975932,-0.757371766018536,-0.154859624951713,-0.031348818128032,-0.625857361927433,-1.30329071333004,-1.69689839082232,-2.33374780507235,1.04730640579737,0.163955407022777,-1.773801588842,-0.988747660102786,0.103507535516179,0.214985817302542,1.15675406449563,1.90306949300263,-0.556593181391474,-0.390366464758763
1,1,0.0392236476141038,-0.832688561128054,-0.65208011121015,0.880641345755326,0.290506922054183,0.326931357439983,0.0533535429211032,0.273776511375036,-0.798744735042339,-1.88234308064245,0.390946955165963,0.199816683017611,-0.26317258845281,-0.148990342040004,0.976397526377534,0.177712045598076,-1.396680211387,-0.928459515024119,0.300137028535896
0,1,-1.79484249523929,0.35849605358118,-2.03681235648256,0.215321453675381,-0.0444898401465763,0.23704695667398,-2.53244557624094,0.229195634916057,0.312824857089745,0.864404260180074,-0.186016570182649,1.15841530203566,-0.267052616907026,0.305693370469911,0.663748314994694,-1.44190576858231,-1.39098478979955,-1.35028125560808,1.43671785850437
0,1,0.890041051784879,1.19663852357214,1.16504620379936,-0.796376182910337,-1.13712651588692,0.447384787988059,-0.907219354952121,-1.32952610236169,-1.26577566965324,-1.75241458906798,1.7319402075376,-1.0795429129624,-1.13663632975536,-0.405948672302355,1.77504221441956,-0.685588952643764,0.929846793179996,0.175599286840713,-0.792595405862593
1,1,-0.935880328491976,0.932793594981393,-1.02773339472675,0.565428341149626,-0.0794147718066203,0.84181534192944,-0.705019485556504,1.51705991294541,-0.929901800436857,-2.31959041781203,0.0896893129853666,-1.45269707334653,1.06282538663263,1.54442434615185,0.670846999220101,-0.357079464612461,-1.72211149744551,0.634259260169327,0.704130784969384
1,1,0.324541026688989,-0.627603299096785,-0.253251256291825,-1.48444489311482,0.824459588871317,0.0366578755685718,1.17271863679199,0.866052391319648,-0.0288625746009403,-2.24210622982924,-0.472487305971591,2.32707007414578,-0.529090183347537,0.442260046883631,0.181601181531419,-0.63282440485362,0.426244961506751,0.669219575650421,-0.385091686717554
0,1,-0.0550705851908469,-0.00962580688885973,1.12478067923848,0.235931655514346,-0.937667027402219,-0.635312629489035,-1.01541409615482,-0.578982119529331,-1.45420240595806,1.82614513026938,1.67615584053463,1.01644405204228,-0.0657033288788748,0.61654411893912,-0.345230509094071,-0.0221697602053223,-0.149242618962345,1.46761910066459,1.06416085258121
0,1,-0.282796716220941,1.41880844267643,0.438032395815033,-0.267424327836368,-0.0694799588665905,0.105232167030443,-1.26691650552749,0.466436714380315,-0.772192114816992,-1.2139480140816,-0.291358304234912,1.48332342626838,1.74974846367515,0.572486657208396,-0.377252866471362,-1.08671001082618,-0.280883175427938,0.169875020611761,0.584352785416706
1,1,-1.74117162886103,0.306458718898293,1.21724526789514,0.59187589441467,-0.808660403726429,1.27946762796045,-0.836396885956628,0.176976763338257,1.61865162581987,0.172156048070304,0.50394655305388,0.777056102479653,-1.35505474705326,-0.167484333289679,0.795647515649062,-2.01737929665052,0.683844688205611,0.131046259383097,-0.188065478698197
0,1,-1.61485127436582,-0.584351348236342,0.0611838962288422,-0.80983082271541,0.894080667923645,-0.747135019513716,0.541204273148497,0.194626838907686,-0.888189070952176,0.591989415830676,-0.53187079274407,-1.14476254768133,-0.0242490904201333,0.866378711012783,-0.279690594339368,-0.376060599023785,1.78313365129363,0.266261311012626,-0.674278698461677
1,1,-0.384252035158681,0.549192434346213,-0.537365041537733,-0.233766562418523,-0.421279242205922,0.700459245135299,-1.77286610519219,1.07784719868388,0.613145509043189,-0.489854574035831,1.13025831059223,-1.86362098845558,0.9853274203464,-0.137277661354022,-0.954657304749247,-0.177973027991808,0.619718093001352,-2.36843777029473,-0.454155463188236
0,1,-0.232117153013894,-1.03403402173217,-1.18523082648986,0.781156365037853,0.809693565351682,0.930565097234482,0.123834352203791,0.217151637255696,-1.77622762893628,1.03487128082844,0.512326727274229,-0.84600499427448,-0.835038953852647,-1.25544589267469,0.112645105915692,-0.12578156537542,-0.604837925243917,0.670598956080155,0.562741217630376
1,1,1.34525516264902,-0.735874027949924,0.254698675057948,1.28840731813955,-0.566819467271421,-0.468083459002412,-0.335409449068297,-0.342491687116988,0.519427763473516,1.6431829203221,-0.28983443881037,1.36513133186786,1.82839146061758,-0.409811102074118,-1.19398805729605,0.857724884225484,-2.24223855397584,0.189693594183674,-0.658409364846181
0,1,-1.30171540809862,-0.535363875543053,0.0669625282985278,0.556741979046852,-2.00495670691806,-0.713686842611798,-0.167578555878327,-0.686590546292162,1.01076822289477,1.24746069068152,-0.255949505919654,0.130978568281908,-0.934452788278557,-0.00316816960031236,-0.257012314769414,0.463217727272419,-0.460286075532188,-1.933573567566,0.114923342939783
1,1,1.58802431280881,-1.11404911395605,1.90586548271536,1.72124105634006,-1.1725902063609,-0.841631728137807,0.598444587274064,1.29572498242024,0.898233049144241,0.68097911157429,-1.60974365316061,-1.12178170325949,-0.456765236066706,0.454555168258304,0.246942603770015,-0.21560188531105,0.497509232242521,-0.88477276256662,0.704907283351483
1,1,1.25011791670642,-1.52911219702654,-0.519388158465841,0.126946141203244,0.57727668505634,-0.182933888594432,1.15417217136693,1.09163636067951,-1.4431712617403,-1.52378690788908,0.777101033416024,1.07268818590656,0.0588889913229206,-1.3885229097472,-0.338468646708132,-0.70333154547186,-0.663132399292662,-1.38621173685984,-0.154654956489772
1,1,0.156668518377565,-0.761814489881752,0.113126263206303,-0.182272293673398,0.0442139191535084,1.52632442063969,-0.790097676703846,2.2754698015672,-0.61391285099754,-0.0810265448107867,1.07343040759354,0.316310177942661,-1.45310903340172,1.42817355088666,0.234821468243298,0.0163316257069727,-0.481772659566479,1.27545757339583,-1.06492399270379
1,1,-1.16881249994992,1.88606094556526,-0.115397902269427,0.207124624921882,1.28967581081054,-1.19369355467419,-0.186521649136191,-1.1619929970142,-0.563206471396023,0.0170613548463299,-0.828150342298511,-1.05723485151835,-0.26545657527157,-3.93586182103216,0.0072880661265588,-0.677675546786092,0.522542765529254,0.601561690769572,-1.0587870285078
0,1,-0.346325261400728,-0.970999904936594,-0.976280353924186,-0.40483803714617,1.35953302529169,-1.11048476382469,0.373260101743961,-0.176246146970136,-0.665589018263285,0.513913130803049,0.487400474543096,0.592663937864219,-0.613717137137845,-1.87772631558705,1.31231394902402,0.530343876360792,-0.659939908446717,-0.299956127811698,-0.293403579963365
0,1,0.574473773543859,0.0997918843814312,-0.340523562375258,-1.15943489358713,-0.0424051829277179,0.177209440477376,0.0702624502896268,-1.31986478449988,-0.523378201682804,1.12479324118225,-1.62910783168774,-0.933175780063102,-0.456682965927824,0.325929946590867,-0.842189626688196,-0.623361631059515,-0.407558179984619,-0.401433780523327,-0.813934542583305
1,1,-0.177649508118577,0.350091753180071,-1.8173220499588,0.333204734981853,2.55708566878021,1.25407121843421,-1.03991973407626,-0.377631439930282,0.533064238182881,0.228270624659027,-0.490704944914963,1.46387966080805,-1.90330266199363,0.643948001821433,-0.685687944921731,-0.935718628757167,-0.287816472746347,-1.4070803099607,-0.435994343376612
1,1,0.323981808174802,-0.76732295890581,1.15297405172589,1.07503702280134,-0.525930800581279,-1.31961762360809,-0.903423498779494,0.865374917176068,-1.76848969675756,-0.368662611789632,0.348322259079005,-2.18200890162045,0.145929337731589,0.299416232867135,-0.599410810704035,0.46927637620008,1.57564462387078,1.37055065520077,-0.423836351623318
1,1,-1.69993987428555,0.709457486675562,0.865927524847075,0.0446632469722208,1.2339177879211,-0.673621113369613,-0.51264456178291,-0.309390659630781,0.375026211354395,-0.488791142909492,-0.275740343199321,0.318550659005006,0.042332440947394,-0.00179625768285206,-1.10111257947749,-1.0759130592519,-0.429724843872864,-0.876573540325897,-1.21326856970393
1,1,-1.61647148133028,0.685183282107679,1.99901317239773,0.37020221757459,1.17140608108423,-0.326620622335751,0.14338297868182,0.351763582873884,-0.403689775007867,-0.51911558638133,0.456131123234718,1.35325185895481,-2.02584196885762,-0.201000291969366,-0.106139324081746,1.1887703603562,-1.34227504768093,-0.737841948402071,-1.71262830569667
1,1,-1.38773830458315,1.09264604734076,1.31004526589257,-2.15019245291383,0.0989886801989296,2.05982045813907,-2.45128700682534,0.60197369516711,-1.21984116210555,-0.575521614287016,-1.24881122077456,0.148257294780973,0.987144033379567,1.07046037870065,0.359673238733405,-1.14589135498995,2.30282104601773,-0.152966900211873,-0.61570485224996
0,1,-0.00576707685390805,0.765738195156986,-0.914300977900494,-3.21880421887761,-1.46314155749247,0.485862050300068,0.814960269405363,-0.261368929725298,-1.45830959222186,0.384589972693245,-2.42919862113752,0.488269900200219,-1.10829378128463,0.101173467855364,-0.681623858481872,0.347815365033881,-0.084279443330968,1.14296748819464,-2.88933243813946
1,1,0.0071445065713917,-0.678260157057216,0.991984272431023,-1.30475556810692,-0.473670722600259,-0.80172753368261,1.63601793311239,-0.154276072867906,0.415699865842048,-0.870428344153085,-0.944303112323039,0.830438666355418,-0.641400714143299,0.0691887356940915,-0.592580293969604,0.651901588188823,-0.468745248339067,0.0387007962077208,-0.94150968281406
0,1,-0.659147085936287,0.0638455236436875,-0.170880087514109,-1.82899447636755,-0.0447078791168562,-0.589724631746008,-1.45754765449134,0.156663441008141,-0.289788619778653,1.02475655601825,-0.557358578550856,-0.905722425144069,-0.0593065644395636,0.292715256607223,-0.138467869865529,0.508823704495406,0.997182665067888,-1.48361772682986,0.334951180417481
1,1,-0.555047232163578,0.478731175218874,0.904654541185804,0.574055561416666,0.833063931422519,1.35988265009959,-0.14751972473148,1.23236897048026,-0.29536943922094,0.55228757179221,0.799282568054226,-1.38780109756809,0.098146651033302,-0.891887731842324,0.543454366190082,-0.0646597973674934,-1.08496727034386,-0.123200711737314,-0.702944046630625
0,1,-0.29775785743296,-1.07238509369661,-1.49709847333831,-1.3800925044701,-0.00589658615360146,-0.289607322309213,0.535939588686661,0.752564385893532,0.677845490988479,0.76949729092141,1.80188099277719,-0.559691310180075,1.75492439926786,0.531438324837011,1.96391498562722,-0.321171260192483,-0.900424351488734,-0.126172829113579,-0.738991148176642
1,1,-0.157256435590062,0.46285943388353,0.0144557054372143,-1.44443261146998,0.208192397282827,-0.502842142130223,-0.444288248489776,0.556637049264363,-0.651221181751879,-0.473257363324567,-1.4581139284869,0.142088970730926,-1.15786916722034,0.740742480034663,0.368636078750968,-0.654914539678635,-0.885552399064823,2.39965930517001,0.198309081987821
0,1,0.0922319014757315,0.445619587142946,-0.461167660958504,-2.06062629160915,-0.207158647822277,1.3184538557503,-0.241410794554101,1.24177588300243,-0.102281264300442,0.109017582168335,-0.235303222439397,-0.673335804726193,-1.01190874443452,0.00637251745596387,-1.25034649481745,1.26607331223871,0.153014607473466,-0.514361654476328,-0.116585039653588
0,1,-0.131725101564739,0.396281378800575,0.0432020574060926,-0.562992471545073,-0.206858088507392,-0.0892640899734293,-0.704655309934268,-0.435031783082573,-1.44780814874931,-0.11653203911211,2.4821673937027,0.82125027560474,-0.761855143430832,-1.01468356015312,0.96321738143486,-1.2112218432914,-1.62763925332163,-2.47957340346362,1.13688297345283
1,1,0.151163977724913,1.86807732373302,1.04981412519721,-1.11195081577587,0.257348508466566,0.273612944111288,0.438507781541104,-0.206881224656698,-0.296560458082562,-0.000957840886194861,1.40131501706926,-0.622653443666832,-2.43936395944586,0.56279233211257,0.31846025693061,-0.304962998130017,0.975649327781497,-0.847642830114972,-0.412307431603472
0,1,-0.501941793038119,-0.348565357872024,-0.383918057091383,1.34634027998968,0.711896451677626,1.43244175231341,-0.161387584185519,-0.0197309824643723,-0.967198682512778,-1.24528312205925,-1.19772454377243,0.206122098415461,-0.308843578267053,1.33420581972838,-0.517993155510162,0.799051153508868,0.163277434654782,-1.24753591697175,0.290498107178493
1,1,0.436847992994246,1.78574021535831,0.809554059403337,0.216384175135805,0.429341131812451,0.10531529115025,-0.38823374073901,-0.180967642115227,-0.845104098090316,-0.1649179362596,1.4156011146319,-0.808786947006331,0.758642858865924,-0.0611084876538428,0.0720251290372095,-0.21577914599928,-0.154099613864564,-0.730859571400613,0.50154776436215
1,1,-0.663019136035494,-0.693017097976696,0.61666487522744,-1.73626256325954,-1.85719988983645,0.373727592776041,0.565901076053327,1.75834373374263,-1.02742036163751,2.58603808536663,1.17604751465584,-0.0750360244815576,1.05885519618467,0.555069597535162,0.994290412186797,0.420523436725394,1.90832513485595,-1.04771053845657,-0.553437967738093
1,1,1.41579371034904,-0.983487242587597,0.159278692909382,1.19508205649199,0.73623224619945,-0.455952367690232,0.0273672146538648,1.63852590436863,0.748196353940311,0.905721501986153,-1.48504074104676,0.825629476319542,-0.0306532300942959,-0.718400872194459,0.689489785823639,0.898127249794861,-0.498095846630831,-1.27701698804352,0.194223794890167
1,1,0.0887663993628885,-0.562659148539059,1.79408629484649,1.32964430302285,0.191235099573926,-1.39796302985351,0.338025713779678,-0.531339798414812,-0.829934923664309,-0.846008263251002,0.901045576132799,0.132649889126213,0.608773373147294,0.606447427976695,-0.031916620682703,0.0586348899782348,-1.4075816283667,2.76326143740021,-1.45382815940089
1,1,0.224945584917126,0.252308089359215,-0.121135924996467,-0.933596287940079,0.154267515890773,1.66358055702792,-0.414455969497079,0.561302214153329,1.48694718198669,1.50637944340829,-0.967180215944704,-0.465048946253119,-1.07742440006088,1.61181744487437,-0.0251615311852968,-0.0777401011011462,-0.54928642393083,1.38813821538328,0.066404214360645
0,1,0.162119538960843,0.583624782486424,-2.34381980065801,0.0327894299569588,-0.764394036970116,2.02088432958221,-1.33300983772315,0.0128884697793933,0.249078836323194,1.06817350398561,0.362115620115892,1.76260758434037,1.77817563192733,-0.190464275686553,-0.832803420377847,0.746290847766493,1.56899206295425,-0.762134517644898,0.255413772850681
1,1,-1.2334268773979,-0.361618236867638,0.968988247174224,0.280307514588066,0.295970882576323,0.297531125610777,0.581107467557595,0.384310077926902,0.713476006356802,-0.687155292729284,0.110501835035111,0.962136478979748,1.96368646094661,0.334815236447981,-1.07520386117866,1.55490922893847,0.918703520824395,-1.20982363516526,0.585797595766101
1,1,-0.0427532704790346,0.316987434003034,2.15642816978915,2.73171113991427,0.688576163451097,-0.719759132644297,0.444983075195259,1.17953074274642,2.12140157618206,0.63539415137246,0.769134625139789,-0.553236629793598,-0.812107523435663,-0.784540527303766,0.769640949845835,0.717087917695805,-0.158923919236949,-0.713834256066465,0.510665952126286
0,1,-0.251917117431008,-0.637108289400452,0.115302730308876,-1.27583203844234,-0.409546663144387,-0.856082318253528,1.92734652150782,-0.0142876964680388,-1.60956854848394,1.20863292872053,0.979189926057862,-0.39881579409727,0.10696529408191,-1.21189438050237,1.26109650569365,-1.43305042810201,0.457902767820181,-0.397341398781597,0.751658959146411
0,1,1.45250700529218,0.726567708900981,-1.53020964668844,1.19931181566023,0.636027609594581,-0.799240312811231,0.96209655791515,-0.730940915534108,-1.31569622049227,-0.367105710205596,-0.345375507251417,0.124578272664061,1.19355383010315,-1.74125630561843,-1.65687636864718,0.499547709371713,1.58462473898305,-0.0139292585676842,0.17722152184945
1,1,1.35397458518151,1.4590374873816,0.0335083222298067,-1.0050241724073,-0.378235796942577,-1.39905410295937,-1.07895212099568,1.58470103403623,-1.32259246277792,1.90523746097636,-0.0600529498359474,0.745149423988347,-0.936250748880106,-0.580787192813991,-0.617527779832545,-2.18688673375064,-0.0413484645401727,2.12295249622985,0.234298653215927
0,1,-0.329660099206703,-0.917177301737382,-0.861551666167831,0.528472480515518,-0.433110046547903,1.73067806251763,0.637628836314364,-0.30186519769212,-2.6461723628154,-0.610046424917006,0.451618615030382,-1.29480305610182,2.90423563820264,0.902598272473295,2.05035823767643,1.06919193352261,1.11686373424715,-0.298442913890916,-1.18544085333642
1,1,-1.26233210163908,-0.500634403445236,0.753862363070179,-1.10321214503016,-0.104982186527968,1.24271394799643,2.56378614653285,0.31270250191084,-0.0571252034770363,0.77303237901905,-0.547365598082088,-0.436671104918794,0.416983474981954,-1.28174750854058,0.771430779157658,-0.473448810621782,1.62187900914016,-2.72795284473092,-0.816647499808416
1,1,1.6407443962573,-1.97940496587193,-0.0793983466164174,0.563271332726562,-0.895701177629697,0.709125536085875,0.857479488767557,0.840251321229849,1.22641218652015,-0.901298141327797,-0.870973668213502,1.44439876358369,-0.829338460861125,0.672196737895307,-0.166314161114402,-1.75531943238941,-0.654631116727756,0.630332290348254,-2.38924993031037
1,1,0.918242528197647,-0.305277853202989,0.0544863292365425,0.0543213293710536,-1.47750762984827,0.301041016822045,0.0407719726456397,1.04345330199921,0.891450793645834,0.314628201610311,0.283498107284374,-2.57426891028199,0.519722349628897,-0.5474800323072,0.270385036377474,0.398363832187208,0.404779275446273,0.748148950885193,0.321250909623569
1,1,0.123658608431584,-0.191850315568052,1.13350514176893,-0.503003134952886,0.943192469639223,0.387706288140211,0.0695495741837233,1.85082201061568,0.0160094752479728,0.988879742954978,1.48766159863032,0.84739634829602,-2.08932768464952,-0.840452312562286,-1.52533345989194,-0.661743878386984,-0.660402019269647,-0.837425367537736,-1.16999286970951
0,1,0.225550491721842,-0.524063148002124,-1.9335597267105,0.451612197202477,0.467700792327145,-0.89298976983214,-1.09942135662455,-0.302527084754925,0.373260405923334,0.291297589714896,-1.05050589066482,-1.21727336050612,-0.129654055222902,-0.770887693500354,0.532383330661563,0.607972762534765,0.698469763175647,1.52776381835704,0.537610994564992
1,1,1.07037315984755,1.08483746557586,-0.933002915867877,0.478925844849857,1.02708314387934,-1.3806016709037,-0.971561080343461,0.457108234001392,0.995621837615283,0.221741117022009,-0.99743064283533,-1.99937771566458,-2.08967514039526,0.181673564685171,-0.399503831466098,-1.77252391995636,0.0101010192121502,0.00830971047865726,-0.74097536747758
1,1,-0.395176017454671,0.82220844302576,0.499995062376126,1.4774830551835,-0.24604630750885,-0.16104643974072,-1.4930746755323,1.78027452424826,-0.804264673866911,0.930667692135468,1.27114741837804,-1.76229989551814,-1.31413481678991,-0.126052413156948,0.450359955357798,-0.38207181153333,-0.253879638756635,-1.72158346123654,-0.900667127853284
1,1,0.757527221373452,-0.262915918063726,1.02655941086584,0.198858907013735,0.57929005921799,-0.0388648844334342,-0.608391021177235,0.293749646547097,-0.480254830382955,1.01003386516066,0.467724262768552,1.4807965987074,-0.523391669172758,2.495356268781,0.470404998026132,-0.943009857388953,0.26021867925947,0.276399767090893,-0.659087400636422
0,1,0.550373035499891,-0.266092777032643,-0.955034764298699,-0.409595167383494,2.24354143384657,0.570229190521254,-0.281724884785955,-1.2752644019502,-0.581763825245485,-0.321466931561165,-0.188348808546652,-2.10061492304625,-0.130782889338278,-0.803688742069259,-0.413616638760421,0.592933687038984,-0.992385466719739,-0.504008840878817,-0.771431222514587
0,1,0.837309071901879,-0.851611391012927,-1.64395078378215,-1.32999262146359,-1.59014196193082,0.493798546941989,-1.77782921929963,-1.083602470233,1.25502543471233,-1.71865978356001,-0.730079736275864,0.0703431179009724,-0.0227639941579754,-1.48268502625042,-0.791157141488177,-0.23982470805655,-0.465182734044813,0.187383942449033,-2.11493443263053
1,1,-0.75084301240364,0.220716295375986,1.09856189094177,-0.630367384362019,0.237950857059895,1.4682169903222,-0.129561900412144,0.534358461781879,-1.47101757514016,1.46776898008576,0.253593733754278,0.631330061553344,-0.814442552382976,-0.765075625575935,1.0161947647246,1.48893798682386,0.33947633251988,-1.89988045023453,0.402712004777492
1,1,1.73331393827771,1.92781370198497,-0.368733751650012,0.453020614763111,0.334767395234346,0.30672155439417,-1.16860590043155,0.540218436591675,0.918737436788136,1.09967473528396,1.82854159650468,1.31074060422704,0.429170938655673,0.422875348529896,0.173788681607476,-0.272537310626051,0.0117393678691363,1.21883734215097,1.71709702846927
0,1,0.36115516437924,-0.932290786582352,-1.03480421408416,0.222447404954952,0.450422300553804,0.293336018832071,0.178641661678904,0.22262455315646,-0.0138004940452189,0.0329081556293443,-1.05977697458592,-0.369227529297663,-0.364352947065689,-0.63816292948899,1.87790024368279,-0.0875001115739209,-0.865205141870959,1.69226938398541,-1.12094627767077
1,1,-1.01067174686676,-1.29451752291788,0.555074750447928,-0.304693495390093,-0.271789529658117,2.37333433542155,0.00318839323177503,-1.81987204730696,1.15622351753129,-1.2386798245824,-0.517013339756707,-0.583043946938795,-1.28288794803232,-0.0834628846573974,0.67162634662029,-0.361596547356772,-0.0404967800101522,1.31790992312132,-0.657323915273084
0,1,-2.15161446224281,0.0820145930611163,0.191211186476029,-0.66582831794346,-1.99051639708679,0.43897963775346,1.45283070093745,-0.0141681374795622,-0.106343254282386,-1.47417643602072,-0.643053686171862,-1.32795351045211,0.882895576695753,0.722084682903341,-2.13924902803532,1.07067877677515,-0.709397510464379,0.491299255097439,-0.0847048338159685
1,1,-0.244921991148228,0.196314876776505,-0.109394927464385,-0.0148613845439022,0.553957956269599,-0.861054004711279,0.0252969979182807,0.220022195954877,1.41742696949816,0.230161541316331,-0.118518819726352,-1.12402484531833,-0.107602829731767,1.76964490329422,0.384638663471954,-0.394928216520441,-0.115222955797941,-0.697793496361054,0.124240558606248
1,1,0.321619232774073,0.361857647648295,1.16063734555497,0.966929636117574,-0.823752728440854,-0.764154979945285,-0.379799464521544,0.50479023719726,0.57650447926597,-0.314087453962948,0.826172143362711,-1.06140840952647,-1.28389146528913,0.207363863369691,0.804320534505541,0.847945552497172,0.249029537367925,-1.02816416294768,0.117547776035849
0,1,0.206773933731639,0.413195580328989,1.21564953005682,-0.792463038126379,-0.51851438391307,1.35077827222053,-1.01211007358375,0.0514225256577148,-0.691623940163422,1.0585289993158,1.32094587927251,-1.68898388598854,0.380772948473795,1.90404312463726,-0.792749542107699,0.567270365022014,0.373113509808514,0.0232123562950059,1.03774384749357
0,1,1.64137050661547,-0.603642549925101,-0.310888366118526,-1.053334986586,-0.539423069442948,1.36168660878549,-0.216584055904366,-0.415621035736258,-1.21808962763346,-0.240500459711291,0.131789147169127,-1.24672488695583,-0.384179584971609,-0.285910442227823,1.67991348857577,-0.167398729204254,-0.728634109932202,1.36703067504325,1.06736428823245
0,1,-2.07160728568823,-1.44807474517642,0.505972335762036,0.107455523161326,-0.172294339016738,2.36836477877543,0.494700246588112,-1.80237395209927,0.522445530982412,-0.623688085895411,-0.353785943630291,-0.44381614016442,0.139228329139267,0.415087370604041,0.786967674978865,-0.737593941711308,-0.233332910526473,0.203167157709809,-0.833163161627286
0,1,0.186501097660131,-0.84374805078674,-1.69676200563177,-0.496035583180213,-1.84830711148176,-0.392084866061233,2.0010567224344,-1.7895109447398,-0.569212534591259,0.817318814096692,-0.22583804923184,-0.89037699350929,-1.85645661250554,-0.885148410233991,-0.0061979359371209,-0.607735510542627,2.04592967957107,0.546173015692347,-0.24105697027084
1,1,1.18168588763607,-0.90379384628566,0.373434811785967,-0.978503553545498,0.869584176965394,1.0342920946946,0.547439412459453,0.899052928957047,0.403123910186474,-1.4186956376764,-0.759784162208821,1.15102280818974,1.49716644924703,0.617813741436263,-1.28618872300334,-0.0467305609878856,1.42942683790808,-0.662483630015772,1.50404201704516
1,1,0.0125150164388029,-0.00806054775260693,-0.411086677090525,-0.21769398843191,1.9583117544926,-0.281030001715895,-0.591461895502936,0.835886694580119,-0.57552321345355,1.79833442449322,-0.0669382259583795,1.39033590071375,-0.934090100188363,0.771567698529927,0.447834769479282,1.7253151421094,0.470200561254351,-0.602165530368585,0.533518502758837
0,1,1.95651867286104,-1.4354775226731,-1.14546323897289,0.770646658873376,0.435216632511593,-1.69358771638119,-0.0289487414060966,-0.118349401191641,0.0227072478479015,0.531309470627097,0.323329349179972,-0.375989902191601,1.46313924947794,0.312946204119883,1.25835825099802,0.609329238182227,-0.204700585666358,1.42459549162524,-1.67841747038581
1,1,-1.2462240069946,0.237483481482119,0.720422270517333,0.630441860153083,1.24378216836549,-0.172330278142856,-1.0637557952667,-0.501828980812295,0.559531385568467,1.34793664606999,-0.137150326835495,-1.46873642458675,0.0574202728124553,2.01157506159296,0.997471628231968,-0.00546560939902117,0.63900451585374,-0.0714486417196142,-2.2903611161975
0,1,-0.902402869411128,-1.74463887124449,-0.507285075083386,-1.12472340130027,0.926951901644193,1.94738150805888,-0.810116380047786,0.43463976084762,-0.990708888016442,0.853776101830168,-0.68729109645572,0.34127297389864,-0.623027196964494,1.47579690055368,0.351728970884565,-0.592394615363991,1.07650256192263,1.26515805723868,-1.05034963852642
0,1,-0.111700425557654,-0.805889580341368,-0.400773999825632,0.195464546797115,0.208213282000875,-1.05666301540406,0.207958341649676,-0.879520580384435,-0.451981637697149,-0.288680162114186,0.839433327472163,-0.091590299349688,-1.05877238381926,-1.03984797636003,-1.66425378389223,-0.417011408917804,0.393554354500283,0.800718435977984,1.18625789026616
1,1,-0.65913716575928,-0.53338063019477,1.0122270168889,-1.64846889931202,0.0896730536629878,0.178221754995573,-1.51580221617753,2.41417929234115,0.108248172315287,0.874305647517017,-1.81818975856863,-0.375933590049974,-1.47862943652578,-0.710760579170024,-0.0536148379196929,2.04474801930135,1.00140320417704,-0.563741851793427,0.618727056231876
1,1,-0.429001861784945,-0.945757067129188,0.537067731909894,-2.42692428131642,1.22890670896099,-1.71190422140192,0.266781575873809,0.18267632551422,0.536691780348811,-1.44608661155847,0.81781356449575,0.147403558391242,0.109738221461012,-0.776108605474424,0.982521646759997,0.362140929401133,-0.746200906219462,1.20803811644467,-0.692951645335251
1,1,0.801699473397056,-1.39400532879546,2.0041023287716,0.450108640384038,0.79811132148328,-0.899665604048361,0.774292198729739,-0.203411913342656,1.57758556660438,-0.999785224985861,-1.44596337422577,2.02923869762142,-0.539006039840836,0.693206304112948,-0.0140021398359463,-1.22099450756859,-1.73850570377183,0.825098571823046,0.993274168016625
0,1,-0.378527633772934,-0.433864864357679,-0.513596867298443,-1.06693833242277,0.951161564211365,-1.61232043426189,-1.62479081206889,-0.86616793670219,-0.857244667074553,-2.24976676240329,0.397703264235958,1.73947411794477,-0.766970507074556,1.0096161981825,-0.622224823473317,-0.999225141237095,-2.54402174900616,-0.449026981611938,1.17375064630786
1,1,0.960468522246514,0.290926931205961,0.0840540413104411,0.852896316327626,0.322600287438313,0.536422115423842,-0.299834094875941,-0.5924297257301,0.0409426453476448,-1.85072990299062,-0.040296009662792,-0.199567838060301,0.74002627380781,1.11500783338077,0.52007462728062,-0.230078410499469,-0.463967732852973,0.978006837271023,-1.69051941293967
0,1,0.496616889668352,1.35868007252016,-0.164887072880581,1.61980741637502,-1.25386699157376,1.19126299519767,-0.130854632639412,-1.1188652935159,0.0678948766340158,1.21142823641843,-0.0110838799609474,-1.44816461052511,-2.20398829197976,-0.696724719968798,-1.23270454002296,-0.783353911137674,0.274730183724399,-1.11202258474295,1.37823166693567
1,1,0.673668920278397,0.577089308744813,-0.479958901758462,0.55793728631938,-0.768830242694101,-0.136391380947759,1.77835678769073,1.2202507914953,-0.159697558102266,0.682478024919341,-0.0663432884480746,0.510977367437743,0.983111048707101,-0.88398423353257,-2.73587200449117,-1.63729316505477,0.886647983598993,0.764438289264775,-0.62669782873647
0,1,-0.182423649851576,-1.28372129631546,0.262062886921683,-1.43883116771907,1.34462672346915,0.605304349354131,-0.616808289195348,-0.358576048731424,0.778847302235221,0.789840970866662,-0.670955955203104,1.17592143446584,-1.38000238665248,0.302159518402004,0.866653911183432,-0.574740942700457,1.2286899366659,-0.276820739538071,0.774210105446082
1,1,-1.5095731599921,1.41179666181038,0.415620756515935,0.825582172063649,-1.08677993792796,1.27990324256565,0.335341027816859,-0.207006334171541,1.97798627571211,-1.23645135032305,0.714570040728371,-1.63462107103049,0.500776343912612,-0.153420877055647,0.662274244056464,0.207850901989361,-1.33478918288662,-0.195045015338914,-1.10584489893531
0,1,0.738965961993966,0.0699722482443281,-1.04914383972055,-0.362666475876021,-1.45379339974518,1.21563778351783,0.355658007920534,-0.770186711960681,-0.875795550633745,0.308709199205316,-0.867116289236399,0.606256471871528,-0.501533356452576,1.32740468804129,-0.300543336480704,-1.47939531556811,0.668819547342326,-1.41939397063179,1.5615215537042
1,1,-0.423824980968846,0.136814218299731,-0.177173219479701,0.411275761332668,0.213237601688285,1.13706770677919,0.392584267598475,0.644605884906697,0.0546075557090119,0.0338155523458932,1.46477462083468,0.639817358177792,-0.0725133936158327,-1.1244405916191,0.31129856079184,0.571848087077901,1.18777206478007,-0.194011784227124,-0.0129171933476576
1,1,1.00641189292644,0.783988157075104,0.588320740435832,-1.44123416440351,2.07497032356506,-0.419843653356468,0.79418339638139,1.4796257184618,-0.737017921768398,0.243531548294365,-1.07955608834956,-0.574255027144998,0.143770990736845,-0.783722965053781,-0.104021416878909,0.929598568292487,-0.917971595951378,-0.620192407987197,2.30765986751242
1,1,-1.19908758164768,0.248559655071594,0.380423223264042,0.262955619669852,-0.260345097440594,-0.449804167712243,-0.387788036395544,-0.632183064592337,2.49954832415988,-0.338614149880148,-1.46306528860185,-0.608779883803976,-0.235831133024332,0.213104808302323,-0.647926357704414,-1.65758532214775,1.85001718464355,0.221299907405579,2.46182947094116
1,1,1.97093606876235,0.725879306073241,0.573038277668235,1.69469728034292,1.54451011591272,-1.59674646845476,-1.31215073763823,-0.613995226789373,-1.74977808400552,-1.43657473547485,-0.403769619163406,-0.461161612349105,0.00614194872718528,0.806485218797618,0.522905405786928,-1.47825263509553,-0.00903095459534994,-0.611793130697431,1.93446206143149
1,1,1.13405880683056,0.564568768525798,0.727070386931407,0.531660506272712,-1.09306034725209,-0.276736720430876,1.40590739962166,-0.826041372361661,1.86442062527978,-0.520983818327515,0.0284864920543289,-0.437874822427103,0.0387350406610262,0.81786536139253,0.941262236506722,0.442028547710718,-0.390744370741761,-1.60176136678707,0.487995838245679
0,1,0.0118296279663533,0.26906774369051,-1.62467772784526,0.349449572710551,-0.0631730046007406,0.51445868700552,-1.72349530261161,0.0608087240830201,-0.854401662794899,-0.606376020552253,0.0838611556793675,-1.36256587990789,1.46224167697512,-1.197841780213,0.335105104848356,0.980424496189302,0.492929145324795,0.947810317550056,0.040546002256901
0,1,-0.138351878720134,-1.0601539348913,-3.00462509093007,-0.92603653874381,-0.444086499835739,-0.878221776620219,-2.17086800179349,-0.48334233387559,0.631685916860302,-0.166812610422503,0.565570372002372,0.589216819251876,-0.0348609577805532,-0.0726279402312171,-0.175492235963959,0.375271598736124,-1.8909729632077,-1.02618843659882,-0.307244222448506
1,1,-1.6287156318143,-0.812095394278133,-0.620184051188586,0.299457549230205,0.856002789253945,0.0917303084439668,0.628923281567864,1.39250049334385,-0.267746030776348,-0.603027932661061,-1.16627214402558,-0.0699885949135415,0.362623085123206,0.0299805098714779,-0.283759505736669,-2.62251814655909,-0.951427519391635,1.36643384196751,-1.16895103559521
0,1,-2.51259569733457,1.08371756098376,0.430295692950854,0.00924448871550857,-1.25248178934486,-0.0758367504636209,-0.635247119388983,-0.800130721397587,0.185796541014203,-1.05106602588954,0.303567606723224,1.54024134778365,0.895260270336706,-0.0574655630517806,-0.241501416357114,-0.705134005534707,0.0397485391382395,0.916719846126336,0.63408171306936
1,1,0.31136492707347,0.790480999866839,1.17914536864116,0.370780196235659,1.86759308358441,0.362048278809186,-3.08713203760376,3.37786279283667,-0.875119425171936,0.686389109389485,-1.42116977674973,-0.31964773122879,-0.177778582894353,-0.366875856171801,0.658695215190407,-0.0145851316042902,0.0569654235751156,-0.836208527462113,0.756633786478993
1,1,-0.22180711220346,0.623356877009677,-0.134851658908298,-0.205883216146898,0.783827724843587,-0.435965994704347,1.03671180241427,-0.00737532779635671,0.227820425005014,0.875173933482998,-0.0535398569613666,-0.510333582826512,-0.365708762035042,1.72031844467321,1.62876055703125,-0.162875612377799,1.35538869306645,-0.129554013511186,1.30716647934139
0,1,1.79638476661344,-0.0055529549602231,0.0425101384884351,-1.18112688156669,-0.230548343640732,-1.75604671432938,-0.615337334308325,-0.206661143496335,0.407598053430951,0.626670519988414,0.263186390231607,-1.00338786904276,-0.960221385694638,-1.52114751790323,1.59105009564619,1.78202892779906,0.880301153517855,1.19296394367391,1.16434449764821
0,1,1.14712667452716,0.0489911617158626,0.887855711202247,-0.473319025982203,0.920477190943872,-0.835803750865071,-0.912910420544523,-0.842247063714821,-2.76213151121207,-0.626599549532135,-0.141309897084076,-0.795631355631534,0.22684073913095,1.3486849475777,-1.30137191659147,1.55003084136829,-0.308541767900324,-0.106854521998361,1.069968012576
0,1,1.30944489879174,-0.300312342939142,-0.088086817083946,0.461219899253512,-1.22566239962843,0.295222268747378,1.0983802486728,0.397568635441285,0.821606316626878,0.812071179102389,-1.75545186460328,-0.491432735031345,0.104736989974642,-1.53782481085311,-0.123557695559886,0.305182193304866,0.749838366813749,0.686428653463914,0.312441551150374
1,1,-1.44323386516602,0.874114560045687,2.12779823086026,0.530759088297598,0.750412120695227,-0.917308955189922,-0.0104135245444245,0.359645228578494,-1.63864091743074,1.84999895368582,-0.577924051803051,0.943271260338394,0.617393846318783,0.686373054430866,-0.855835574250521,-0.386401737387435,-0.0139178465658194,-0.567780584887076,-0.362271800309733
1,1,-0.567026792718668,0.0276570558635602,0.485835538851922,-0.461807124187191,0.770384233738777,-0.00818510969327486,0.41489479309607,-0.221824026485789,-0.716013746003568,1.53033046520072,0.372429965257992,-0.464883988036286,0.0425944919433617,-0.301916653895955,-1.06599820358415,-1.36177708784559,0.212015850247399,-0.458499448086542,0.478023807700896
1,1,0.631397494689251,-0.556495572232873,0.0717120025224209,1.98401105463621,-0.399846091697362,-1.399827554946,1.45095865558822,0.506223838364009,-0.239291009603985,1.33339284737934,2.30097111426163,1.85907499422367,-0.0276488210402415,-1.2598815767368,0.073050266842188,0.370830323704045,-0.65529364880527,1.19780691649858,0.393180495245233
0,1,-0.00152122460015507,0.444760237543087,-0.078646707934912,0.456831926234519,-2.32163137096201,1.42665913484716,-2.02948901737838,-1.9878946277521,-2.3571339343705,0.259183224632543,-0.183942373011219,-1.12776081403762,0.67415320380181,0.10036269364344,-0.112292866973407,-0.31327529830847,-0.558081886872619,-1.30542652414572,-1.33373885540701
1,1,-0.4548191049199,0.766317977829468,-1.12037698971989,1.25411784938373,-0.54908607644628,-0.245130012902588,1.29708610643642,1.18606472268716,0.365963515833325,-1.42184820363035,0.539392814376109,-0.708754794103822,-1.10960661624345,0.000176098223439677,0.976334175501077,0.466045999249467,0.163811169016982,0.750261685863563,-0.463258011455033
0,1,-0.299734054739801,0.70070290819445,-1.24862012621446,-0.231516014551357,0.0835313497770417,1.00019364456986,-0.745959882142165,0.942689353356016,0.204702218257701,0.145248404878259,-1.02537530688503,0.641423734454101,1.42518373060048,0.394543194707752,1.27580099982367,0.495916973246105,-0.213215909453505,1.6202804269633,-0.37497216173306
1,1,-2.70978627557146,0.422414121920011,0.0109215621418344,-1.90072547433945,0.617188413042514,1.30256902115942,-0.3514791639547,0.977903609163845,0.0620934122141807,0.0780229911805227,-0.66539535008095,-0.355613456532851,-0.555103576843655,-0.709863890731858,0.0399144308477904,0.699261074567474,0.0616664421788308,-0.759542604745172,0.788713342019905
0,1,0.359466646085756,-1.0070980312957,-1.16850183711936,1.09358743019254,0.898109720952708,0.519685680898882,-2.30147073925709,-0.720336636697811,0.749147859373567,-1.37257153878758,0.758586685973191,-0.872474363095092,0.224585120508016,0.308754811899805,-0.999159454188292,-0.025843827236693,-0.149865053779364,1.79769973963016,-2.07566982212468
0,1,0.0553791117941938,-1.94800841270055,0.942414420611507,0.823880823352445,-0.735046003715548,-0.895137872367614,-0.773189339847661,0.202546453196546,0.30785940714225,0.765977705886172,-1.11490558016343,0.263289874033119,-0.733596746550209,-0.828059806782446,0.107917183761159,1.01779453657185,-0.104541426696199,-1.42797445642852,0.117779844516077
1,1,-0.64815551641113,-1.41296986176708,2.59990963299716,-3.37913664361909,-0.589897283557346,-2.72894682406415,-1.96107208335404,1.01928027293999,1.03040811175536,-0.308417922779188,1.52689482452283,0.123173516993056,1.94820961785356,-2.33612828357461,-1.034379889549,0.489553098483507,1.65447208444065,0.0867767055019823,-1.43971511850632
1,1,0.933668085372044,0.529572878471501,-0.131305090754168,1.30052225756529,-0.636863474547444,-0.397711867492768,1.7249041599143,1.7106389539696,0.000330771852811231,0.479223262034944,-0.645121157186069,1.98361192794579,-0.454305547301175,-0.461463816659439,-0.785485606414481,0.691352669015168,-0.645243060747065,-1.11493674887834,0.168568675777588
1,1,0.377661644950296,0.488832637737185,-0.376433552907257,-2.08645602937789,1.34590897447524,0.916551741266488,-1.49522241239597,1.33711984499259,0.148117773378015,-0.928196096239687,-0.494878016987031,0.061573491544604,0.0331978606902721,1.44698074441941,1.70337280015661,0.364194808554926,0.0620186852404839,-1.67501748337798,1.29181376350981
0,1,1.15686205876252,-2.58182908636042,1.76782581768315,0.665707171124936,-0.112014855842479,0.134627889600123,0.553157984004885,-2.20571334884872,-0.297896777213727,0.60598227468767,0.524371145857069,-1.93976748908476,-0.915782837763395,-1.2700019067038,0.6054021887165,0.17868765616306,0.599719829753806,1.61004472180273,0.241614831404309
1,1,1.19713046734226,1.2129528069756,-0.773248911910915,0.256850687045057,-1.28042269522083,-0.0666934618477469,1.93175492147561,2.06283318741528,-1.04529205778201,0.495736762832272,1.2817662277086,1.23650609710269,-1.55674902228648,-0.0570418825648551,0.702519813242595,0.749520416256728,-1.24587909609492,-0.451716124151944,0.421955612812009
1,1,0.687482472420493,1.47962072121929,0.278452486370577,-0.111299746592959,-0.0595029196863563,-0.790631690206516,-1.4468119429265,1.05489464242248,-0.0941568653908134,-1.24672316770489,-2.06378071133807,0.492029471347119,0.662261270408804,-1.5692222861246,0.836750162859134,-0.858537987754024,0.723299408660475,-0.999104754295956,2.41559851532733
1,1,0.688219349936167,-1.22982792057493,1.69015766381752,-0.435692078112643,0.896629988765581,-1.22326089003747,1.53917061216329,-0.854514866250646,-0.652482191123011,1.34747442420551,-0.483047123224464,2.036299988407,-0.615547509738105,2.04231014379872,1.06048948476949,-0.921073819633808,-0.168707107382093,0.625025181728802,0.558536906179353
1,1,2.57202129714711,-0.36363697329672,0.190361012266444,0.504991169212413,-0.216794680930972,-0.565279268631661,-1.86496998228443,-0.997517455228306,0.589517639568029,0.0807065368828442,1.0215778552092,-1.39037667324437,0.972822080023562,0.715695857416947,2.20341366498804,1.06334984343997,-0.591829418937061,0.578721856529822,0.441093022699817
1,1,1.1438832251919,-0.668493521650699,0.368911838021726,-1.41484533617888,0.632984752974421,-0.581309110473204,0.0472547337633048,-0.798592196517265,-0.455694252080151,-0.127192383251011,0.136538687947941,0.201208714377307,-0.814965948092477,-1.56038193051195,1.34288206365858,0.624746557441739,-0.513507723140988,0.14314643137168,1.22470761337299
0,1,-0.121079602196371,0.307814012289296,-0.439192111640945,-1.57742075502562,-1.63538553206558,-0.706681048044094,-0.654401232874046,1.10898309066219,0.582751467847006,-1.20166150432474,0.312091215147065,-0.587781574809942,-0.637475532564331,0.155085176412415,0.709867351856668,0.840325456512036,-0.83514492302296,1.07867339087439,-1.08702830769204
1,1,-1.73619392693576,0.905193452154413,1.27493670148204,1.98248470389346,0.217185555711294,0.295548752565614,0.0865377834464251,0.877267722050428,0.432931918799325,1.37641402066392,-0.707559678272199,-0.991570609106974,-0.151959801512386,-0.930428892240538,-0.959337374937914,-1.99368678080805,0.650050952582852,-0.892177269918946,-1.40911639670704
0,1,0.898319911309622,-0.429542853510443,-1.04627878458779,-1.09972922897526,0.556278477722468,-0.378099941843761,0.594877118437147,0.204894022177302,-1.34369686332818,1.16705366135809,1.72001778425402,0.778009068571496,0.200548855217948,0.683160985455642,0.415084003094326,1.17474502408184,-0.772062617382586,0.959165321961049,-0.162970167327332
1,1,0.895050767762381,-0.128058907768139,0.743870252455127,-0.145631705328699,0.18183695139537,0.27135301169935,0.350689662533556,-0.830203978492718,-0.691245496328347,-0.531929154123551,-0.0990828035939131,-0.312263728354123,-0.30303224646037,0.644382949147627,0.084898269777136,-0.188157626050234,1.38798743959445,-1.59915743429365,-0.16065810009573
0,1,-0.825134659892541,0.0273216125104431,-1.52825514771784,1.31121369845847,-0.486693001561587,-0.480560832417865,-0.498554031372311,-1.73552780809652,-1.99689950228958,-0.343265441295822,-0.0443026976633626,0.0687440304715128,0.111862424473305,-0.447843604533476,0.677946274008542,0.168928759052889,-0.502790337963868,-0.506258297714064,0.759380970981417
0,1,0.569021872217999,-0.710804839075297,-0.0415570193701934,0.815302776900596,-3.18068729229183,-0.310708427866384,1.75196002555898,-1.21072745620544,0.425764310725643,-1.36723718762625,-0.561592646627496,0.932132730777944,-1.77828134733976,-0.299550220290922,-1.88030343238879,-0.982628363373402,1.04223201141674,-0.0409408097391453,-0.279302655705673
1,1,-0.20396869757132,0.187314899617082,0.426246032220308,0.684571313198494,-1.82463662904467,0.206994404836483,0.448965850151187,2.0837642249368,0.361352562938555,0.182526149888076,0.0109405353908214,-0.906629235845337,2.47296354316297,0.13673150337374,0.146909949511645,-1.2327267500824,0.484368907782168,1.14907756870157,-1.21066442051402
1,1,0.279147862519864,0.620862491054348,0.676774876379292,1.55495623741064,0.66587563534193,0.552093973692691,0.0371840497168637,0.548332875310163,-0.808535826992237,1.50167376113469,1.747656793308,-0.778845431912695,0.439049660373194,-1.19657115561133,-0.268682747819515,1.06111806056343,-1.55849238166067,1.02568160098334,1.81982851766396
0,1,-0.998567742478785,0.0278492141962947,-1.6627606407562,-0.442628069227381,-0.647231944680967,-1.2347171849026,-0.557834382497,-1.98717507718205,1.13372841368123,-0.213612553292029,-0.0913266340001012,0.707859166141464,0.988610854533861,0.168342977263877,1.28718489244695,-1.25005421427185,-0.370945941790182,0.840060392937033,0.57473586329519
0,1,-1.10983013848332,-1.14914974270387,-0.241233575451367,-0.413512517092874,-0.435503851888081,-0.060593254525407,-1.09108076198002,-0.049487390923423,0.744401317264528,0.34860124087873,0.616328440968232,-0.799032423869977,-1.27886130742644,-0.644239590090283,2.04340456475106,-0.634775571587594,-0.149368667030502,-0.991574256499525,0.520284138171492
1,1,1.83819252611761,0.393246343608303,0.188321233468979,0.440961316571825,1.17311342671976,-0.448656147785778,-1.2881121914536,-2.60928079130209,2.36089916127896,-1.18307950704285,1.65438077052464,-0.253938776399359,-0.580327763363903,-0.721956422428417,-0.361935422640824,0.592249611884264,-1.46889512234842,0.502810454093331,-0.269920821074251
1,1,-1.027819066202,1.24072993110263,0.103793307357302,-0.129798259471097,1.37506508088949,0.826806845025569,0.995568335985181,0.415379251839859,-1.01607582792509,0.724281897701932,0.844851302223048,1.3358549156437,-0.0430136656558099,-0.679811573534263,-0.14691117824304,-0.0347815053899146,-0.565407438005058,-0.541705007748968,-0.883679937174499
1,1,1.53112255604193,-0.419878007298716,-0.413340654422604,1.60290694167549,-0.774029033448562,1.8143094965433,1.27000807312793,0.982876214736051,-1.86878776474328,-0.586487596284573,0.19411651217289,-0.0718779088865169,-0.129479527076762,-1.95971107351209,0.491728163403109,0.366758398199627,0.87768656847812,-0.333009884050412,-0.504393037972678
1,1,-0.271637082441847,0.274482423711857,-1.64843641614753,-0.343326497486138,-0.147949948659363,0.264506133059331,0.741731933931984,1.69544022903664,0.465321955051444,-1.36480685597261,0.975867368547648,-0.402588044225017,-0.215009313382105,0.0670746104018875,0.808531495401672,0.873685500970109,0.767680452185924,-0.289369478790203,0.179835374354279
0,1,0.771731686037116,-0.507911299411231,-0.621557787735698,-0.442744288495396,-1.0433675295998,0.733158306606014,-0.823608168178369,0.0197155996997945,-0.947826984913653,-1.30368832795469,0.48148618587694,-0.891156335211852,0.821532065915176,1.34644775696764,0.104229153950804,0.500012511666403,-1.42824879575552,0.323285785881491,1.27812065651862
1,1,1.54802196969433,-0.498464858116903,0.805648699296649,-0.67464116151723,-1.40343903247477,-0.0263321573125743,-0.456882045558695,1.88313329243782,-0.637530856754247,-0.630945818202696,-1.03734310768906,-0.346802200272038,-1.35735055296092,-0.966889196702159,0.492105995910565,1.40972661605391,-0.634468428544917,-0.182608822425427,1.03125646865233
0,1,-1.05584462893706,0.0766220593694469,0.172175733655265,0.449908865631316,-1.36217564812073,-0.0177241711054142,-0.879213056549819,-0.428103151396526,-0.908964636251651,0.7729957424511,-0.398638593103735,-0.13218407954882,-0.765813003206351,1.04928318055406,-0.184720211840402,1.12184997849566,-1.16889704468713,-0.471419454742086,-0.971380404590004
1,1,-0.550604863363971,-0.449531967432262,0.916781451027438,-0.438633305147753,1.66853442760673,-0.00844542085664685,-0.243575381013611,0.579366499028598,0.312952369508464,0.348301692779407,-0.196678009369636,1.0260598295228,-1.27160768532045,-0.18642510855354,1.59328943328315,0.428123444598175,-0.146236850618017,0.91568533340073,0.965962975032817
0,1,-0.672260411980039,-0.102920783552101,-0.234468938489057,0.540223471298114,-0.648110844818793,1.14037549539589,0.974436325279513,-0.757652161437621,-0.137155340183091,-0.313873193143535,1.02578060284806,-0.212131136651785,-0.975454281261822,-0.0929918519360968,-0.714174924360899,-0.666758789155326,-0.785707232362401,-1.23069334408344,-0.00460900521321703
1,1,-0.252635622701796,-0.229628177103261,0.69743349390389,-0.0559633150141881,0.262984854658945,1.38650125500808,-0.0821306686798853,0.762351883035807,-0.703645488349455,0.822645572543663,-0.0366735597619847,1.27096566027645,0.152571475470459,1.27718425554175,-0.319592794574881,-1.13981590449524,0.129357270470249,0.861576727799077,-0.326439148642838
0,1,-0.467220931936615,-0.779319670891775,0.165130464178557,-0.551579958161255,0.79556402168564,-1.19724520688,-1.66085035049291,-0.332916498725706,-1.51074233063939,-1.34152007422258,-0.929985707687426,0.738866342595957,0.908968481006381,-0.289535503059824,0.502922090869349,-0.171282342237368,0.369377917113349,1.02609031470518,-0.747930974838201
1,1,1.02042797797856,-0.691657701115763,-0.200079638061838,1.75379482666858,-0.608538011231787,0.100210606118916,0.830373168106227,0.775989501725407,-0.12476408354274,0.710706872451148,1.04703603617993,0.372643213484585,0.427292842802629,1.55745514081352,-0.0123506841636489,-0.234680451118949,0.707252768246507,1.56961982163226,-1.51446609634212
0,1,-0.292942184453846,1.34874932556168,-2.26646709863174,-0.521086348374198,-2.03238145022677,-0.202956313561647,-0.253280864020236,-0.611222409217152,-0.567340703128932,0.537570642911545,0.223512573991839,-0.161975243051463,-1.62055290285589,-1.73652428197581,1.77578179442697,0.445682915617768,-0.213761628513803,-1.79889213250102,-0.00959444826950718
1,1,0.634354088188364,-0.261438126845429,-0.516263142348456,-1.00693833756761,1.17334716300988,1.0685523465404,0.325515596236243,0.941390611582668,-1.13030399676568,-0.558609493576003,-1.70637692683884,-0.2442700809897,1.17039446874439,0.333660452101324,-1.50422072844379,-0.00508590470207344,-0.244873843019452,-0.912277430656685,1.40346401521464
1,1,0.777276366622949,0.644593778214604,1.67604048068149,0.866096558536351,-1.73737556590725,-1.06232706237837,-0.337676697913585,1.02971527628131,-0.908726084395933,-0.953094662060554,0.00444141885574931,2.11503121824917,0.54417782903598,0.153780100380864,-0.585962893120308,0.981208243319441,-0.742558556673351,-0.280411866212306,-0.740731225964563
0,1,0.00858211466401055,-1.8957798901612,1.11210161026946,-1.42976385123671,-1.44663237606598,0.152222586705355,-0.117209158803113,0.562982320325749,-1.82802649119408,1.21413434322524,1.98748608033096,0.998369981959895,-0.681174803504129,-1.10878524724145,1.27686775229385,-1.6887307209427,0.349126701339409,0.0649782846167142,1.08596057429212
0,1,0.568163335183235,-0.0331299799720925,-0.936553491041585,-1.78371375526077,1.11225717865949,1.72566159350294,0.376160673277601,-0.512391075059797,0.910476106705295,-0.716975740731392,0.918345648043162,0.866880442132243,3.12689481105255,1.32590023850375,0.335031525616305,-0.388036151739541,1.25737021830379,1.25366667775628,0.982184401997636
1,1,-0.735350511445102,1.15271092565737,0.183361998972694,0.38602639456038,-0.131106971523178,-2.29512482662988,0.374346568158112,0.951842000704086,0.319797993443963,0.605916612212144,-0.0799830612063884,1.39579821298931,-2.73364847081072,1.63183266794415,-0.95304336232053,-0.230496371038607,0.033738818362418,-1.02920047843436,-0.209486608316511
0,1,1.15107268097428,-1.53085812555671,2.12591107738315,-0.971381330581193,-0.099833071225377,1.07406671751118,0.974762164465282,-1.10975717636058,-0.687482805480192,-1.19346866043892,-0.164985389645144,0.225016679464787,0.532026959192453,-1.56474577939617,-0.451952623445762,-1.34064468358782,0.0675401906008514,-0.0235506163099968,0.251282214632048
1,1,1.8801745993488,-0.979402110166752,0.694412527057867,-0.767421348757609,1.18995735911368,-0.11141467616013,-0.748538065889157,2.02032448268248,0.442042892013967,-0.0758529527722542,0.123401278589687,0.369976324410578,0.0227674477659317,1.21769244588256,0.385229522352963,0.925443866207395,-0.825772422827945,-1.69707465336358,-0.237415893703542
0,1,-0.236920034152299,1.41967379078087,-0.753705753333636,-0.806571530797341,0.482688200121192,0.544508877413176,-0.270566251031993,1.15160859707446,-0.485865927786206,-0.467892692549829,-0.481698618947522,-1.12488806727555,0.592333945065391,0.597268508274118,-0.404353724715285,1.7186558671544,-0.0980326675557031,-0.998392669885792,-0.0276383393105809
1,1,-0.491913900969998,-0.213813413122661,-1.27763749596128,1.11441442576864,-0.845845519664543,-1.4281978199506,0.488538572478114,-0.213117311450465,2.76954210510809,1.09295535198046,0.512703631278675,-0.220579130625344,-1.19984898033964,0.320745613650903,1.93135789222832,-0.00509828399525701,0.923990022769265,0.361632396610594,-0.811929403715996
0,1,-1.26770717461055,-0.700835704022407,-1.71379840808246,0.244676986864561,-1.29869417080309,-0.514891725446687,0.975439348199586,0.554416621913632,0.269695700291268,0.699619717618088,0.411442351806242,-0.686516603662884,0.738040871954774,-2.19404144736854,-0.352359778069773,0.36054116038483,-0.0263676210280653,1.24746280138881,-0.183678997129264
1,1,0.29723450473237,0.501049085658859,0.491218461723323,-2.1381656332294,0.28722339681066,-0.838487543202367,-0.729248332283095,0.875105343597337,-0.465339794575144,1.60967613215509,-0.939344827292889,0.151347641786626,0.435463898778898,0.455738193604522,-0.331155877645799,-0.0460528110190819,-0.643769874304722,1.46862092093797,0.518898720383521
0,1,-0.920478215986704,1.04720390094106,-2.43294442438305,0.168469906167017,2.12128652455823,-2.21035469254456,0.064853924262128,0.295399118114259,-1.12596784803554,1.43486990602631,-0.741235208172478,-0.351736136172475,-0.249860221594497,1.60760508819191,-0.0983426170884702,0.585440390590268,0.153239344690162,0.879746180832897,0.492209710511426
0,1,-0.106932725238902,0.564075714649536,-0.14827434407595,-0.616088447945199,-0.94681695892192,-0.865767511329105,-1.02594777108985,-1.87466654813688,-0.0532599862071192,-2.27529269555886,0.455753418837957,-0.580581929344881,-0.214320166416488,-0.449166905050535,0.793799377947698,1.26422653160644,-0.74287181845771,-1.17548171669344,-0.272657356769926
1,1,-0.317164993292303,0.720584077350134,-0.796989678422312,-0.728953257316465,1.60627397795689,-1.04553925306176,1.6740769624578,0.998487691591022,0.0464815154098879,-0.198199565184964,1.06514510806423,-0.9339414725066,-2.96086836633642,0.71150931202058,-0.287960679920421,-0.736213419163073,0.422798373587773,-0.919602906498378,-1.07611329956912
1,1,-0.692038777739967,0.0360700568671855,0.346555414896668,-0.0826497567540073,-0.732290933661109,-0.115692462381603,-0.0633809483176572,1.44420820183038,-0.355704050045419,1.08440536178642,1.03887363659906,0.529738691227841,-0.634848202523487,-0.396318974387384,0.596123947151326,1.22733945394822,1.6612388128526,-0.256555064810323,0.884161897655373
0,1,0.131322768918859,-0.03326985663438,0.161590933322489,-1.27460762490544,-0.302687315275437,-1.49825631669824,-0.551340181011499,-0.218671642802437,1.24386171889035,-0.522482862828736,-0.889568028452629,-0.412054196770179,-1.30586120805528,-0.70148951282772,-0.445422874001067,0.207866869570987,0.597499744372648,-1.66888190360978,-1.71004421788972
0,1,-1.01364900681259,-2.35998848771647,-0.529832885023863,-0.540864353981988,-0.0915027336899307,0.466429823561013,-0.854946322816242,0.0908452184101435,-0.394716840343961,-1.88979018505614,-0.00623330775557526,0.286032610006022,-0.432555047499879,-0.466007177982264,0.76542008300602,0.326512343624582,0.266710376231544,-0.522821907419258,-0.137167354894747
0,1,1.10242722155396,-1.3018654667276,-1.87197630826869,0.319150854816869,-1.07090261358796,-0.893074668676478,-1.71048834828897,-0.374140899607216,-0.873040330811892,-0.973170732883216,-1.5256438387852,0.844905932471506,-0.897973511843732,0.304682607755885,0.0635359461836346,-0.0310796108799372,0.285228119252331,0.496322691094501,-1.94650518235508
1,1,0.835861558047355,-1.72608678846903,-0.13166836948349,0.343660441393935,1.91114855195906,0.491570045427553,0.163429461349655,-0.332916919387727,1.39693900382711,1.56843131233854,1.03125153442364,0.0227997952121632,-0.477088601551074,-0.721517072583845,0.489545676393257,0.132162784233849,1.86136329971094,-0.775841013650512,-0.462477682297963
0,1,-0.724691277170339,0.188946311432194,-0.571884761789322,-1.52023086003898,-0.550411601831695,1.50080803418221,-2.16882695870094,-2.46781037672037,0.317287669583455,-1.40202931594127,1.04409830554317,-1.81379068195195,-1.06840729544218,-1.49236279247242,0.958977411798704,-0.187372803191561,0.933959143927541,-1.10283982074017,-0.162586358688895
1,1,0.777442711573271,0.11329127981901,-0.949265131633899,-0.026372349209682,0.180616796937342,0.320569853340387,-0.298089482821672,-0.310695816664992,0.22733979379524,-0.243686740222901,-1.09572178862788,-1.04479611240167,0.946904353219323,-0.262639305145077,-0.501734436036415,-1.44615456876969,-0.0133877336067154,1.34416267558734,0.385692871100189
1,1,-1.59095968773425,0.489205579836453,-1.0676950852345,0.340311146517929,0.296329742984352,1.0457651413875,1.9547287271225,-0.416644590619898,1.14964499639388,-1.04836881276768,0.581333892454896,-0.164303660902309,-0.836921702623153,0.721485142784678,-2.14811077781315,-0.810826113741705,-0.828513053720245,0.201845581209878,-2.34780657623618
1,1,0.337912292844789,0.264381675923033,-0.405407171492513,0.402497290952224,0.348188737861394,0.666141903000675,-0.586519448668193,1.98655625737721,-0.165806509887218,0.610928090118339,0.532558969619418,-0.154688845328857,-0.873059508052975,0.778667278889606,0.0765258152399215,1.32922560052439,-0.349478315593407,0.0651942235577214,2.55524360187061
1,1,-0.607929793294839,-0.148268323040004,0.989504543080386,1.10223516051157,0.860562223332738,0.157785929939324,-0.920729499557308,-0.976318824987428,-2.04487322741302,0.878657024889237,-0.678616417905101,-0.460929978593066,-0.812616260943465,-0.265531594283552,-0.839744131917037,0.618201460245592,1.87966752089692,-0.69423623867658,-1.49948534773522
0,1,0.0261844416930288,-0.443312467030145,-0.230726865816159,0.0128432718408516,0.857943517243275,-1.19051932255646,-1.51049343288935,-0.451908907060532,-1.18152307646032,0.0427938890307735,0.918945002357853,1.54834441401372,0.338565418867425,-0.534441448177843,0.250886453909108,-0.237007317897642,0.518766004239874,-1.75336133767441,1.37876036122927
0,1,-0.385201714451603,-0.831068626125635,-1.02377110964012,-0.782103972104454,0.362136509418056,0.373024144394067,-1.12241808234703,-0.112613946358055,-0.131240711889923,-1.77180923285426,0.707501758977632,1.76418408341068,1.01928899235372,0.0891542668041738,-0.862333263802441,1.16204649144454,0.937329842097652,0.500053293291061,0.574857696075067
0,1,-0.847328417083712,1.58594610081322,1.79130353624186,-0.0317050765377139,0.89742442123677,-0.907069766498661,-1.6026055450418,-0.694709389590078,-2.98062271865047,-0.0838163546902927,-0.295695660191491,-0.341530496824944,1.62645462760963,1.08731963359751,-2.52053863260588,-1.86639909213278,-0.257358362287296,1.94260812050887,0.378327773507784
1,1,0.567147600115509,0.862176603333937,0.364016920020104,-0.015182216685476,0.374318137877431,-0.490117004308111,1.01075572156205,-0.286375788338919,-0.302613275038885,0.276410787897704,-1.85916161971538,-0.00018645617631486,-1.8079365974223,-1.23597085937835,-0.176886551920108,-1.20821822263178,-1.1859657628062,0.565543087727643,1.01141426616316
0,1,0.936206926637078,0.783932225401616,-1.08218121937242,-0.243194401052479,-0.0426840045007752,-1.77912244921775,0.817359092526316,0.92383999234487,-0.0613505851085988,-0.605274020892765,-0.948340041420062,-0.937536065453588,1.83380822053391,1.1549523767177,-1.30250608849946,-0.0290455778839832,1.2399049096497,-1.03996985299815,-0.107332557434601
1,1,-0.286512088358433,0.44381547574815,1.61269652664922,-0.902610472551491,-0.783245225080766,-0.328811522876816,0.205302507979893,1.19145132893624,0.309006465991697,0.589889238754996,1.522118515454,-1.70496270583611,-2.05422353667853,1.22345449183864,1.72623509217879,-1.38893378041503,1.9971436696197,0.989498224642502,-1.57561858986334
0,1,0.056206995223294,1.25335880779946,0.654898147139634,-1.37885500194785,-1.6498593077156,-0.338342514217134,-0.161581698069215,-0.490708587790984,0.13234826460507,1.81465299360426,-0.20514522050424,0.510513243058192,0.581106614489204,0.0838589646926063,0.351385779298692,1.42148507446949,1.41987253860634,-0.0303258688877825,2.00524335455419
1,1,1.47265312749065,1.51013378518923,-0.211829259137156,-0.44285051866407,0.531064871560637,-0.0983356592213394,0.289527705449858,0.47766071467745,0.358317324284167,0.389266516999791,1.42777385393797,1.46117171683556,-1.90495630982049,0.0755454763046273,0.302943982994845,0.333528443205891,-2.36224887506351,-0.504614635775835,0.321840001623761
1,1,0.774374959151851,-0.991963663387657,1.88042943928462,-0.727852906151009,-1.47282230246174,-1.35776140061284,0.00940574703227572,-0.619218035781344,0.969401969513105,0.0447318392031604,0.687873859681399,-1.05189597071452,1.51278178243228,-0.667754457314703,-2.02410855053084,0.771470567980231,-0.839975218242656,-0.664485160953583,-1.44308071346184
0,1,0.424193926681853,-1.18358323875246,-0.24394697673714,-0.724862213105013,-0.346080546558177,0.916681958175258,-1.09630926067573,-0.323652652185552,-1.37037921971182,-0.45827820601091,-0.123674495320372,0.40276612964641,0.644322153516683,1.23003636241715,-0.663544800113999,-1.39766879880746,-0.534112070261169,-0.174722536655969,1.60093745682754
0,1,0.922371464011696,0.735113799021568,0.371057601502978,0.367006027710965,-1.53327509110741,-1.09445628742826,0.594601106993313,-1.0640998699256,0.767857415916354,-0.892808204168528,1.14763451528002,0.379041469367713,-1.75818763867753,0.891060132151995,0.6464552998284,-2.15291155514381,1.07240508538716,0.230561001342461,0.0303677119258026
0,1,0.159415859599929,-0.245458483927902,-0.981033056069021,0.732350216214772,-2.1075460562835,-1.94892768639035,0.212783159649757,-0.13791896339899,2.22796395830354,0.039886462683261,0.761394121451193,0.198844657694829,0.827914476608344,-0.127797208465224,-0.658457271325212,0.032999918673919,0.737738055362295,0.605357004704796,-1.53375439327819
1,1,0.153272397679984,0.542726820730617,1.08302837821218,0.0373885278855713,0.0241307701376671,1.14360208158993,1.81582461756768,-0.328520238840084,0.665248022079484,-0.0977366498838203,1.21048762243832,-0.811891807413215,-0.858036846146607,-0.147408498571169,1.74981769611043,-0.771400074034571,1.68049145787481,0.352214033495416,0.741848602275706
1,1,-0.188733835383431,0.707923818565567,1.5430859957398,-0.275366992095142,0.440654278158624,-0.333193737239448,0.199177789267696,-0.704487479160864,1.42218498898609,-0.499474601953516,-0.841896851722193,-0.14171364564789,0.628678241611831,-0.338317461612504,-0.508091829089259,1.85612309950756,1.13083146524585,-0.951164006877611,0.256578599075738
0,1,0.602956428020048,0.871717664523707,-0.708813100449029,0.427293240971625,-0.245934208015459,0.435339548098784,-0.97474597591789,-0.998362600338496,0.58523294195298,-0.438006959563744,-2.0880367626894,0.912719686457709,0.163221463040491,-0.13820788836642,0.158764157653197,-1.25682837150151,0.558814344182039,1.36154123410909,1.04339969810922
1,1,-0.103301310099565,-0.6896044239438,-0.563054793142439,0.86046677262162,-0.708039601570199,-0.263292784776805,-0.0862074791894651,0.934599431614535,0.295802779168017,-1.59619692983686,0.805738322545575,-1.10881305610945,0.400709381505899,-0.539553186947342,-0.575862940006676,0.584386150982041,-0.0852412498856239,-0.143094610829225,0.506760821446526
0,1,0.43374937467318,-0.7752951035324,-1.57223434583203,-0.228701086366122,0.199623660340116,0.488525098602469,0.0990632157605717,0.133611856152205,0.00191517917354073,-1.11477534545776,0.465295022748627,1.12879647891679,-0.759653790162679,0.260336755754097,-0.70592684293354,-0.936393135818919,0.500861872710705,-0.532390487475811,-1.75336301566343
0,1,-1.20987726147863,1.09728169550121,0.137789933879325,-1.10530195675023,-0.344076539541292,0.254204289581699,0.843881648968632,-0.595429946357152,0.129330776867799,0.175265154014511,-1.93454620957337,0.828245944736793,-2.61304607479395,-1.32229360296381,-1.64612134417496,-0.0984722651104196,-1.81443120504774,1.92317656991819,0.162169904802109
0,1,-0.114079510535758,-1.49719258218219,-0.416078869266269,-0.323065701028919,-0.0762726975797783,1.55182335825158,-1.4919430918787,-0.172561558337663,-0.00180288735444315,0.574531286072397,-0.199368853056823,-0.197734226948323,0.0823831143980022,1.2949925634021,0.444399749002951,-1.05963302366499,-0.198954515259241,-0.422686883858547,-0.503123112292389
0,1,1.00438432056311,-1.10888666551202,-0.992372026522479,-0.786701293419744,0.90566144281158,0.177466390072115,1.15962975707025,-0.598354131095299,-0.518043050835655,-0.777596857713835,-2.07290676604641,-0.0924346180601255,-1.08176202882357,0.580952984189946,-0.341832846205751,-0.24111582224192,-0.152541569483899,1.3670232634485,-1.67304602866011
1,1,-0.454148569233916,-0.467597490205821,-0.340113955443031,0.410907032793354,0.984261723562006,0.229388861348998,0.0419138755229829,-0.0702082653266879,-0.161252264275139,-0.922372208768453,-2.23708410732726,1.10308723097808,0.462617927292023,0.465324178376616,1.19749792860436,1.05497232360977,0.395985740061841,1.15868752370815,1.37839516390437
1,1,-1.22460642618841,-0.111446333990697,0.271834258091042,0.235463527165357,-1.84983235668918,-0.52696733434929,-0.40827870739427,2.41005570289915,1.96442835812804,-0.389461394196053,-0.145356023728835,-0.472754855116763,0.895643364249883,-1.55663088550944,0.46383784309761,0.23596567964113,2.79397165793627,-1.43935666784893,-0.280425154020969
1,1,0.209717088788513,-1.58940170858227,0.741483484924519,0.714745536486213,1.07839751297139,-0.303534012771649,-0.603928710407,-0.107485919063946,0.113884272400638,-0.734119476960519,-0.270759431056931,-0.819056583495095,0.554493566128883,-1.86774919867738,1.11299410648306,0.674431631834708,-0.579581264340135,-1.55650967237173,0.466263927737916
1,1,-0.237874843405383,1.7550868671375,0.466918636752331,0.903777128400452,-1.31006263182123,-0.149223554158704,0.331650955243569,-0.160884537422428,0.77608878380089,0.3871478585777,0.122472479906206,0.984027719884271,1.42081285822435,0.290805836770895,-1.20209973950642,-0.498943720207492,-0.811515822983623,0.0211463594982188,-1.24551151900118
1,1,1.61407836086005,0.399810116592557,0.612090083816921,-0.815646647342728,-0.470281264752068,0.0922413760212787,0.767583596421041,0.733373761718437,0.76441491942925,-0.304006638378978,-0.985632837136424,-0.146738768413021,0.426501252016352,0.436042587506646,-1.57911036890113,0.270377089137163,0.323944830318085,1.02763436870619,-0.0138802734727899
1,1,0.676219382198326,-1.30323876034867,1.48012455941834,0.579125638827874,-0.570621401048824,0.616755728639932,-0.0856678015066738,0.342243276610179,-0.089628393200684,-0.590331347423517,-0.334613632966549,1.10993914249942,1.08387533415794,-0.476607261678413,-0.0112206774951098,-0.124641446259498,1.17196436839611,0.813479399773983,1.79077240030008
1,1,-1.1357375986792,0.79605966800597,1.53066789923723,0.38916897917752,-0.355258101748945,-1.11370922785945,0.904037263083518,-1.16622714323214,0.754546993397198,0.763137570698192,1.12786477157318,-0.534471348090396,2.24023426488859,-0.22398140053482,0.119152239520164,0.484807722485434,-0.604506881098815,0.691368518530425,1.5490505431384
1,1,-0.0861710477263134,-0.24110840054029,-1.97394886465022,-0.901930899085988,0.143505043152609,1.54580412516712,0.947487657166052,2.0480826813276,1.1258172491663,-0.956857298172066,-0.998097579419174,-2.01156726217084,0.774326096896543,-1.56256557415685,-1.04833903049492,0.931767511064779,-0.179705709231431,-0.388108924448417,-0.189323177045151
1,1,-0.66328796277598,0.734716291563643,-1.05682053751069,1.43094482663923,0.0563288140157606,-2.09211577295037,0.274572362238223,1.38451961675134,-0.707584814175853,1.39323419137027,1.03970101656065,-0.551327317527638,0.966232258374474,-0.17673008883868,0.697749368122867,-0.267812641666946,-1.47729608698108,1.79548050468635,-0.970485338926448
1,1,-0.833398925232158,-0.0553316998222401,-1.72636587563222,-0.294993037468304,1.33798577997509,0.786489972500926,-1.66059191309602,1.27812088743945,-0.135900929152772,-0.309150771743435,-0.600371541462081,-0.815992821095884,0.535852689272053,0.774140837405985,-0.97291148020753,0.363330709750558,0.124547303628568,-1.30193042803497,-2.21036489023234
1,1,0.0552834165187923,0.516913668170121,0.222154916407519,1.71249153431849,0.455548373421623,-1.26157159208524,-0.115993202513578,0.00984312626037158,1.81455512835217,-1.18109273011322,0.126327305857178,-0.296110243906429,-0.64227455213162,0.48823251645428,0.532697649972003,0.74647196292528,1.18438308007194,0.859474881118173,0.989025281407665
1,1,-0.394947781645595,0.813143730244218,0.0138662679968292,0.773439977815476,-0.204114525875071,-1.30857756029919,-0.171233171379905,-0.542665483290866,-0.733923188567681,0.208443262533394,-0.285566575685791,-0.136436882694231,-0.662135607497623,1.02984300287216,0.566892937680255,1.02468649058868,-0.317452413336848,1.26066132113079,0.230266474342092
0,1,0.125142100630487,-0.997613782889959,-0.334263370800234,0.133964798807261,-0.37868401464228,-2.01162637388891,-0.282631746680599,-0.0642249140040919,0.103906536667651,1.99308210777106,1.39561754794575,0.543113113087911,-0.725069698518892,-1.106151007529,0.238767046072064,-1.94651429858786,1.02826098139715,1.36461638598682,0.928094682391642
1,1,0.56740616316122,0.602306417795185,0.165636172768404,-0.59917785912694,0.202476448401243,0.497486350823527,-0.185237020501849,-0.101994091307842,0.960650151684539,1.19526545576271,-0.100034474331834,-1.47480791143657,0.24225560966509,-0.497322180138062,1.81993079093191,0.316132268470145,1.59884388036692,-0.431792229853241,0.996346788744096
0,1,-0.280675361796723,0.541771691902661,-2.38079436639264,0.762134771907406,-0.0679390967832572,1.56561193820015,-0.853323849826511,-0.301382067440388,1.13024064230384,-0.469086094820159,-0.0594982459771388,0.687738157964052,0.431214593580204,1.82216580128219,0.496723828818178,-0.0303171666739921,-0.434223475394745,-1.63991708825342,-0.980850468953372
1,1,0.363659971344711,-0.414049620040151,1.0683599750066,1.23459020863159,0.171563414795242,0.389521419383364,1.71219336762504,1.80084684747029,1.00826720916961,2.36882433919256,1.18373748382402,-0.357383565365832,-0.599340386928717,0.0535042940726933,0.759492988681708,0.0242451803406043,-0.025147257317529,0.172011958809662,0.132604469730655
0,1,-2.20796758592926,-0.858062319061587,0.927434309906003,1.27655252955537,-0.224366836010858,-0.120613548271549,-0.496500640800247,-0.70764631884329,-2.14419275090246,-2.24269661393935,-0.948181014183535,0.997650583707016,0.468760613748443,0.0213224420565852,1.23043725157316,-0.380794555344595,0.95317574496244,0.223491184623536,0.696520632761076
1,1,0.565542948498358,2.07227176879507,0.389903948886395,-0.297188802015738,-0.398923391541565,1.64848859050254,0.371195041390698,1.16021373373707,1.24500021955643,-1.07428607516607,-0.613159564504551,0.221954936593246,-1.99280038888986,-0.170748171980439,0.998417246425912,0.116250188410358,1.23372598781491,0.683490857444232,1.92184166947533
1,1,-0.419170218510945,0.106561017107733,-0.34144908975556,0.147826102556105,-0.783391909459247,0.889768416674233,0.135897696970685,1.50773040481498,-0.870238561209319,0.739575918965858,1.33545820737657,-2.35317459686551,1.94184011527623,-1.29953444818686,0.0123242675254456,-0.0897571887753811,0.205566860834639,0.287601426166018,0.651629743765054
0,1,1.14469060314317,1.0231327167282,-0.15088206214051,-0.661048183245195,-0.299782317966434,-0.639732186683956,-1.23434035055015,-0.430017598204928,-0.0757515142293617,-0.0997142393427576,-0.680579820260463,2.15645412597696,0.517399810574753,-0.577149530363581,-0.801900712431283,-1.0338755585731,-0.542979908919082,1.10865934892807,0.198670045540049
1,1,-1.23644641185076,0.899572778069956,0.419602435255637,0.0994565120640016,-0.54408919133278,-0.481264067464898,0.450570059809873,1.00482618761394,0.961505866551653,0.948558831046968,-0.168807925763801,0.0056768495195808,1.26840069539936,-0.0539349059702298,0.36142512958521,1.23998556186132,0.180318703512776,1.31127394587359,-1.40003648436914
0,1,0.350731675912479,-1.88600058606591,-3.32247179606549,-0.117371548314445,-0.0397832760078151,0.73474345308826,-0.486385464918168,-0.569668560367495,0.18116652216651,-0.941600330790398,-0.76102466155099,0.112282855949368,-0.838844249326016,0.786104839801417,-0.445301203756177,-0.270401114346815,-1.71278738048463,2.36902816704122,-0.830247869076194
0,1,0.134880535836598,-1.51042966120017,-1.67772843462585,-2.1413929895848,-0.114794484804032,-0.0783660923382669,-0.684864769186118,1.28987746724903,-1.03640025514613,0.00370878653754191,-2.49573513381763,0.725940100645996,0.511734297903646,0.432384839066694,-0.366311040643381,0.757673567477112,-1.30911883965947,0.364422143500271,-0.812311323529513
0,1,-0.657060305961384,-0.498976074355906,-0.200962886122893,1.54521209483149,-0.327497548451337,-0.755180009272531,0.813916174389019,-1.89699543893579,1.6658566996514,-0.0936733987084171,0.919916108697272,-0.294231617958698,-0.108689446675578,-0.639995975538854,1.59231167672101,0.538734570411702,0.187745900880677,1.62724783248654,0.264816839725209
